company_id,industry,revenue_usd,cogs_usd,gross_margin,days_sales_outstanding,days_payable_outstanding,days_inventory_outstanding,current_ratio,quick_ratio,debt_to_equity,interest_coverage,altman_z_score,credit_rating,default_flag,lc_utilization_rate,payment_terms_days,fx_exposure_usd
CO-0000,Logistics,2465573.4660374885,989687.2945551347,0.5985975237859383,65.01822665513421,37.58097468324647,107.01601809385463,1.2732561339330812,1.4699516212300663,1.3320404819312543,3.8967151843750605,3.374773918018649,B,0,0.44880386583819,30,737913.779284904
CO-0001,Retail,120411.70217600031,50521.507787221984,0.5804269279959435,40.49582338328726,45.560454506432805,119.08347060454321,1.8883624782011705,0.8770143169244026,1.520481552686839,20.193045423519738,6.141462465913723,B,0,0.3002951194452699,90,7803.881225557521
CO-0002,Wholesale,12516104.90501212,7217540.55058379,0.42333972067511993,86.15175647548348,22.13373901054701,88.28368532547702,0.8973444154567534,0.8074940546597609,2.7039161729443593,6.1266250581169865,4.563806627759964,A,0,0.4952231411084199,120,46655.894640688784
CO-0003,Tech,740327.9919090971,300687.03258669225,0.5938461926702174,57.53260506785909,34.18413414887274,31.20857264798239,2.1565748243782172,1.4484904915683152,1.1314775304090305,1.4019526555586443,4.6847754076153,BBB,0,0.20440448945199657,45,10820.572519709676
CO-0004,Wholesale,29191054.88229358,12608535.123674545,0.5680685341959839,27.61055758031144,23.715238079112183,53.9585163848637,1.4377502710076135,1.9115756623062385,1.3997479554513572,6.283979731623082,2.6123065886351378,A,0,0.28876883762763966,45,113135.50587175645
CO-0005,Logistics,1034558.936712536,690713.3815173004,0.3323595621220534,73.85255248363083,50.79453338528752,99.75941316039626,0.9731546065903197,0.890675113661279,3.234613699704018,3.932683481707294,3.76495053007725,BBB,0,0.3883881909564889,60,9062612.318260688
CO-0006,Manufacturing,751512.0685257554,480150.5525408525,0.3610873695178762,44.12362375093032,39.27622694048647,65.46999202587014,1.110981867144755,1.0456011036687913,1.5878710021826385,6.802035838162889,2.85712764019,A,0,0.4659551499806862,60,50551.65603454066
CO-0007,Logistics,23529697.925455995,15131333.462726513,0.3569261487901879,83.06534136666266,27.339345337300934,41.274094411563055,2.5927008552041144,1.4374592018494727,1.96785453702887,2.6590299987240127,4.573555999464053,BBB,0,0.2059840501938634,45,5783.88334380716
CO-0008,Tech,3457165.7066950756,2521735.872263701,0.2705770893827393,47.88446252064064,54.170841095555105,21.04996972572366,1.6134611117704805,1.6161064919804198,0.7225917313436824,9.102721692982369,-0.08049894645435618,A,0,0.2627101564967574,30,7469.182142515001
CO-0009,Retail,258865.09029714015,111533.32339409622,0.5691449810166682,42.9826278575197,21.290733537134766,47.75787578836146,2.254219101940761,1.511955324490875,2.8100923807847273,21.424698418543667,2.522672788698298,BB,0,0.4782951816919301,60,10218727.671125425
CO-0010,Logistics,1016293.4624023165,409943.38854077156,0.5966289229375278,51.005366830402636,51.11129276541582,61.54232099005367,2.5668400425033067,0.6395638618606033,0.4873190935474085,2.9260545394166018,2.6670242919590397,BB,0,0.19836083876318536,45,67514.72016817183
CO-0011,Tech,5676087.870073992,3128457.0744354133,0.4488356864717403,33.78784609496333,68.60991492133469,119.9562877068622,2.379036995891687,0.8274667073048511,0.4020604871894001,2.08811026124757,3.6922774885983918,BB,1,0.16784979144211373,45,13342.464201411794
CO-0012,Logistics,296980.22385303595,201109.52162646098,0.32281847249875356,81.43525305029507,24.495808507680625,13.04694196662363,1.466656250834521,1.2380547901046508,0.6134988031494042,8.630843776064802,4.013880450744879,BBB,0,0.5741880467689909,45,93920.82213716149
CO-0013,Wholesale,914228.5950978703,579576.1460650018,0.36604898471486025,64.01655020107484,74.91422581074059,33.95401973593505,1.1353570763949008,1.2225694033026149,0.4504116683109863,18.971326575423962,3.3367195981510456,AA,0,0.23618445608243774,60,165675.6876192386
CO-0014,Retail,32577915.30797675,21164950.277203143,0.3503282798448164,26.876509979017147,22.066770477299634,53.799946638823805,1.8157371348451596,0.7131862345914525,2.912504080271535,6.436458210594195,3.644063864471161,BBB,0,0.24151588614193314,30,717703.5275782775
CO-0015,Wholesale,26314084.97550938,14705419.632817939,0.4411578572272481,47.15223038767115,59.82032782324408,20.55867160410031,0.8838214084591713,1.7959219556775583,1.0833598011336745,5.609632630359707,4.688521369114609,AA,0,0.302334779398797,90,1662863.818175627
CO-0016,Retail,480042.6747565795,239462.56267698403,0.5011640104738377,74.48594117869592,30.052350740383766,29.010843664114617,1.7146003674267283,1.0703510695479312,0.9125778229667135,2.580934203046193,-0.15840509750090215,A,1,0.6447295717489475,90,260272.0185766243
CO-0017,Retail,4016241.5206774897,1927164.2823201236,0.5201572733118314,67.54267053718051,64.60166540909324,40.5663774120912,0.7981358288224535,1.5205900784990989,1.9140337990168954,9.53632267219621,3.4023999183737286,BBB,0,0.6257205313544735,120,1807.7026806494716
CO-0018,Logistics,10381800.289454974,6798903.546662748,0.3451132407576222,68.5474050935579,44.09977911521516,96.04503541113212,1.7252766925203358,1.1684707497151074,1.2072894764692608,10.426824861118568,5.5445673472405215,A,0,0.22893770352106665,30,708648.9909040483
CO-0019,Retail,23339429.846067593,13809702.090497535,0.4083102208760982,43.59500483999999,19.291262143764335,64.84942739282496,1.4313701613728287,0.9478030266351412,1.6972714291800426,4.470395211622766,5.150628120379338,B,0,0.1731333283339685,60,260510.69996669152
CO-0020,Tech,17561081.496294715,12679400.682806404,0.2779829257394151,24.085351295065898,25.665335064621857,113.02863452406439,1.4313788406642185,0.7926944645042904,2.0923608671817906,6.548438214863092,4.819054358046099,CCC,0,0.6614989709558784,30,43288.74262398379
CO-0021,Manufacturing,292047.9663940646,158402.03149090323,0.4576163859426809,51.25440090292433,34.372358406459675,115.18872263929208,2.1996764772299073,0.9832753348850013,1.9187810568227057,2.9388688125955795,4.440054263035774,AA,0,0.36408726375890527,90,158561.08936808095
CO-0022,Wholesale,1171902.7643826604,509770.8703228126,0.5650058299919177,32.00201463574587,60.7114013683264,118.89844505134798,1.3839021189302692,0.5723287333849975,4.912270582186782,3.108290760414674,4.812499884775194,B,0,0.13513600656130495,45,351289.71526356816
CO-0023,Wholesale,104471629.40495405,63203513.46726362,0.39501744323070254,73.73271042233362,46.14169747289568,82.69523516543858,1.136719351677835,0.5899079164738972,0.4069182665622035,4.291295081925042,3.209416944870841,CCC,0,0.08634209607798221,45,252619.17371696193
CO-0024,Wholesale,2202396.716673689,1626989.2656204693,0.2612642157959015,35.60073121201919,69.28741192270626,98.91031298584687,1.765055179286848,1.1945620078595671,1.6837117374732922,7.679751564741425,3.2477747584740255,BBB,1,0.6255252820861552,30,306148.82276227855
CO-0025,Manufacturing,7621549.30863772,3290549.1594456267,0.5682571841769293,66.05440284072805,17.63441110026081,49.39101015595581,1.6211073986990414,1.6057448042357871,1.3343122895146355,4.432903921620159,4.78867945540041,BB,0,0.3184168582624052,30,557043.1884817829
CO-0026,Manufacturing,5485343.664884353,2655580.120997468,0.5158771659107242,41.74103456218761,72.82573649766516,68.19955916362693,2.672225880003466,0.7458946058696885,1.7437625866995192,1.6060924118226412,4.4420754445795465,BB,0,0.49424919695574293,60,30183912.49338089
CO-0027,Wholesale,223303.74026751146,108835.12801185179,0.5126139495851236,80.80040165361244,40.82772886181601,61.0887275935574,2.2791722587438583,1.2380894511684801,1.6411914245180104,6.0276474915316,2.2061691229085247,BB,0,0.17856848484105584,60,658839.7936663898
CO-0028,Manufacturing,171506.7975296569,110807.43089891679,0.35391813913523745,66.87639064040573,39.40356039578403,111.12282536290671,1.894893925020826,1.1352604505143566,3.0564347755085426,5.197397408374049,5.6340413115487955,BB,0,0.24272179306945807,120,22559.364291932994
CO-0029,Wholesale,6768707.569900299,3515481.9513526927,0.48062729626765743,45.54264885067877,38.58916053061242,68.00115840914127,1.2441124179730647,0.9204787542988321,1.348926249411335,6.216966829997524,4.900411273163147,BBB,0,0.590782089989122,30,463166.404769932
CO-0030,Logistics,1615810.5047682042,1179739.0626355563,0.26987783582654973,72.4755184992035,21.07001996058485,18.371629997463188,1.5522139823688048,0.8208194602888264,0.9844107481573414,1.0738845534893222,0.26979041312604046,AA,0,0.42819579650802203,90,1369224.7415238812
CO-0031,Tech,3278538.810727771,2446786.0974563756,0.2536961620066235,50.78196073832323,36.15231094226637,110.76581660333991,1.4907832153119207,0.893357578516,0.9131660690582472,20.9906530669849,5.548627535504359,B,0,0.6271217713099251,30,1850128.4014218035
CO-0032,Logistics,8389302.311884996,6086560.04367117,0.27448555107515504,26.98661844431004,50.52751352205683,47.416064030561714,1.6154164471915824,0.7309896429831043,1.3663702246147285,3.6174645919473725,2.6628693448511527,CCC,0,0.4157229070621597,45,113002.89249658088
CO-0033,Tech,2052255.7931694633,1319302.419103747,0.3571452333111739,83.1624605207933,47.19951190150817,63.523044404939576,0.9776224742284131,1.5981564711497485,1.7264689600082928,2.2845131448882543,3.521552886212939,B,0,0.7526778644063773,60,14382.901317993877
CO-0034,Manufacturing,15816513.447791245,7010462.795547907,0.5567630743217363,45.441618377680825,30.467067496093797,114.81566400429143,1.3537782481753364,1.6318796607023225,0.9798641774430266,3.9990335767347376,2.6224233971067843,BBB,0,0.24592806225084005,45,15350.986024199106
CO-0035,Tech,28801300.719872724,13407039.969892139,0.5344988026654865,24.800705426101082,58.52529266974626,43.54494912630132,0.9994298319230007,1.5369431602507364,0.9942165949700752,2.960307054969543,4.650547726810044,CCC,0,0.6330307963170231,90,6363.470406275504
CO-0036,Wholesale,2721301.718602532,1617868.7762258952,0.40547982417152995,45.0658115452269,38.60196400276216,53.22323594545623,1.3025693888693595,0.7060570544940475,1.7019571752163527,2.502814455762301,1.1381889312828393,BBB,0,0.3083470731600787,30,80567.6106352495
CO-0037,Tech,5077297.123409686,2887277.9273824873,0.43133563839109723,45.69331213352197,61.76524893728477,115.79809226610011,1.6645012521649662,1.5799417716170137,2.443085238539436,4.151501990301023,2.6573006498582847,B,0,0.6065538597503825,120,174674.0084391546
CO-0038,Retail,14804657.319963882,9986343.509841617,0.3254593271554373,37.53828678733995,42.45187543740232,119.14258578630394,2.2005654391003446,1.4379994310112452,0.5745225035071241,6.620254668995457,3.7120101784201416,A,0,0.30467046069058384,120,1463.3473442639765
CO-0039,Wholesale,532298.9187831923,253946.67238118625,0.5229246887036795,88.08131999881566,52.30358024102977,78.91511548107559,1.6800492353645924,1.2946385525685775,0.7935121943180619,6.890310530789079,1.954295706312277,BBB,0,0.4967260017523133,60,81282.10623325514
CO-0040,Wholesale,1860960.4860934343,1089428.7213263253,0.41458793485009665,36.844513006032635,28.46647280574759,63.810387885277834,1.7550199918606655,0.9604513372172433,2.942488831152313,4.263868584730815,6.136279128663294,CCC,0,0.2331169596701551,90,339604.01758463564
CO-0041,Logistics,9418702.069222122,4278265.694166695,0.5457690812679001,41.94474176227673,56.34433537014598,102.56960902194182,2.4057875482354922,0.6632008024252973,1.7296251421094877,2.606011291343657,2.1776217257892796,CCC,0,0.28124371037200807,90,1677837.433911852
CO-0042,Tech,54198294.18861341,34836674.74684096,0.35723669409950093,53.51491732788796,16.171899152040076,106.98373065637361,1.61610368558487,1.0165623943361617,0.6022743218793968,2.318600878522039,7.006502026856098,A,0,0.418096325978826,120,999938.2098425206
CO-0043,Manufacturing,903339.7386295656,408670.9414984602,0.5475999515769728,49.45738518087758,63.07583572253455,110.28763794638259,1.9961725071166785,0.7012101137880499,2.2741917175158743,1.8491406105496289,6.216981669656413,BBB,0,0.41264236794290954,90,1258490.2914576046
CO-0044,Logistics,3905088.7296323236,2555805.847924632,0.34551913544733487,56.73811599703286,54.80985264812977,51.13921253311178,1.4803087422183143,1.1533680361654859,2.0309984910694703,2.979034468346996,3.8586846263113643,BB,0,0.45360295109114307,60,4420042.451806413
CO-0045,Manufacturing,8030579.349305408,5122696.95807055,0.362101196532772,22.365464933947866,36.99399094743837,59.131971708095755,1.1486509053418852,1.0147993491091412,1.0263264647928283,2.353093123243437,3.4087400681105033,BB,0,0.2970206876972815,60,148245.0618944368
CO-0046,Logistics,1741367.2486367899,1132398.8478151853,0.3497070484691433,72.47740084121261,62.87259936170061,95.32877726124701,1.6584816223524204,0.6831960076103221,2.5975732685747945,4.3450423350558625,2.2414995587322535,B,0,0.5010559776013741,60,1688072.37280896
CO-0047,Retail,183710460.1416549,90575015.69317132,0.5069686526105753,44.4188232954408,30.048898258741303,61.146665213293645,2.0248245684775394,0.7693962609325093,1.514406420543944,14.262227522200936,4.011192740612683,BBB,0,0.13043446442599138,45,941841.9558215442
CO-0048,Manufacturing,1039596.164054053,624941.4919746696,0.3988612948150737,40.57276403119271,17.762216938787137,28.80230734723776,1.9145306063805196,1.3623844908918772,2.6708957067384524,27.78301731499637,7.422832232497571,BB,0,0.41422403991583473,90,245134.2016020973
CO-0049,Logistics,1121403.2912193376,598412.9663222004,0.46637131261535103,30.548844380342985,37.773966460880104,43.5506246886965,2.1370964592949773,0.8798280603494065,0.38123225512225756,1.7484234479835024,4.413416341557249,CCC,0,0.20561264333523477,60,107699.86841685291
CO-0050,Logistics,3702701.1979960646,1800974.2814886633,0.513605288359923,29.17404425458984,38.34226697173787,68.12827173206638,1.3153423125288344,1.6147349103298574,2.777528734630193,0.35914606618519146,3.129177275623063,B,0,0.2626951502786839,90,19656.63111423079
CO-0051,Retail,7179093.396528843,5265973.430331113,0.2664848972605289,87.68099705813675,17.00848430183698,45.07798056524643,1.9982254643423738,0.8831162623898584,0.6214123970858282,2.587330261020492,3.5429797743206537,A,0,0.16413763691971042,60,220436.00687027012
CO-0052,Retail,299320.6113124357,185999.054414131,0.378595902238145,77.83077462965234,53.1232131952294,32.278397284153314,1.4131274845890098,1.0637192289353485,1.723243781596555,27.40267885583603,1.5891664783107133,BB,1,0.3732562572623429,120,31145.40737186614
CO-0053,Retail,1093553.4066554038,734442.8757298072,0.32838865366797587,73.93813484000809,40.15526614108999,97.09655062321079,1.3759660069622308,1.2166134151130172,0.853873831687737,4.482578561816298,1.712266334514061,B,0,0.343323411691581,30,2794998.010812304
CO-0054,Retail,2029924.3067312986,1106887.8435637753,0.45471472020247394,40.20128676069851,51.03412323856386,107.97657373354042,2.0766477721156704,1.0311127829252174,1.1913250219189957,2.4354713953229754,3.3927193036166545,BB,0,0.17290732551980184,90,32208.05621402676
CO-0055,Retail,111335605.92671058,74468508.9430021,0.3311348303792154,56.53172873451069,26.383618576935067,56.77425812597125,1.334921464741308,0.9751409199874917,1.0119293793984259,11.841394061053977,4.397816930672859,BBB,0,0.43937696810802207,120,10781.13608467488
CO-0056,Logistics,146066282.0870863,65834206.85259424,0.5492853935082487,71.73795771130334,35.33839617364569,64.47238763954773,3.1735224994567086,0.5022678181149888,0.36965018817954415,11.790389801431377,3.3217826981297924,BBB,0,0.20849815232928257,30,2806943.613154176
CO-0057,Manufacturing,20824081.8877089,11011425.970160337,0.47121673697126276,38.53350656984516,48.076522261630735,70.93277152919963,1.2472737447366076,1.0768233801408829,1.9020063025910927,1.7044427623117073,1.0431590796186412,AA,0,0.1428904286529476,90,8897770.817910995
CO-0058,Manufacturing,3169838.793620402,2329653.1542516258,0.26505626754891404,73.19237169824959,66.85692864373038,41.52262323666375,1.0804568137542119,1.2431443208546555,0.5308803713206188,15.40049849669324,4.549756449178009,BB,0,0.2828768287509581,30,4757.438624753318
CO-0059,Wholesale,1542633.557614628,620819.8521312985,0.5975584421414563,70.31359686521523,29.826431999613803,117.01869110045449,1.578776389076408,1.5040804158890462,1.1130437763087577,1.1149374843071018,3.809774400660039,BBB,0,0.5426871687164887,30,35306.83347010349
CO-0060,Wholesale,38081264.52160227,23384067.91893507,0.3859429771385337,82.72982452591445,29.4895160462409,114.69038163761863,1.767853671811126,1.207349503675903,2.0063776045059867,2.4975229163903734,5.838696342687792,BBB,0,0.38686996329587287,60,31412.253128833145
CO-0061,Tech,922442.6048581444,661147.7796064912,0.28326404686374584,47.51298527125619,73.14584057022095,69.84748530557059,0.9297346319667504,0.7656320479693822,2.1343893071805002,8.330744605428237,5.251212474633767,BB,0,0.32660996826816446,45,23267.075996266147
CO-0062,Wholesale,1692083.8917724208,1186531.3035133635,0.2987751320825483,73.14621966894833,64.18795203244562,41.38314009507966,1.16097437769588,0.9255981502238807,0.9272318111060621,6.670501301821142,5.8401271539246,BBB,0,0.28777175848986936,45,45016.083248863775
CO-0063,Retail,5468350.091879406,3797781.449882238,0.30549774866791923,35.165933038020256,55.452383335118824,23.526601326700984,1.3149533201034629,1.6848136323949514,3.2181622922345445,3.9194136064836353,1.7227788487165465,BBB,0,0.49187994433438903,45,699170.2307653291
CO-0064,Manufacturing,4332862.482886375,2611901.461244407,0.3971880087215541,58.52223936997138,34.495240090237075,25.64172910256792,1.986017662913382,1.0170837291999077,1.4207991095313977,5.069124431216556,1.2899246026610593,BB,0,0.14609263611316256,120,245640.48786439057
CO-0065,Logistics,3068927.225301208,1898741.0720354063,0.3813013692923105,47.69502348041259,60.76015965192582,39.65694408151194,1.4873104668194694,0.998846002060839,2.682875601338059,7.677466149066105,2.0509050932774686,A,0,0.29290631214584206,45,176634.34742576134
CO-0066,Tech,1647.9566324122666,849.6412307988561,0.4844274332904273,46.613371952530855,38.718529866082996,14.070509274795498,1.1712614954400733,0.7528964215070559,1.3488105763897122,15.601496399085535,2.2772171754361104,BBB,0,0.3995882716597239,90,38415.71282533677
CO-0067,Logistics,972283.2783573841,475285.3463075997,0.5111657714503056,78.9740090168495,20.52972858799899,62.30231513908579,1.412431409005807,1.381609082877381,2.0810369545078315,3.373896830761956,2.9201430291740382,BB,0,0.3137933873818302,30,308922.19188259693
CO-0068,Manufacturing,18278741.514966518,7362367.91267481,0.597216914159733,23.928761163886435,45.71054599169794,55.518286754588416,1.299838694035346,0.9152384886260909,4.063655606735862,5.654200136233528,4.475893990516358,AA,0,0.3627000994563208,45,550918.770742009
CO-0069,Manufacturing,1896798.6843918376,1386708.2188860106,0.26892177314503735,66.87606215735437,74.98667493141929,15.8894336313523,2.2953503914196087,1.554289108172505,4.332777528877879,1.1942551352664201,1.9323286916773843,BB,0,0.24201380004564613,120,167638.26360901466
CO-0070,Retail,240182.27645171504,103214.24386626414,0.5702670263972881,39.11786743546348,27.520692001414897,119.28778450664446,1.5744508115889848,1.3381893451761622,1.5357290124377412,4.390313521722466,4.555619799969866,AA,0,0.39550808439995244,90,39480.962551235665
CO-0071,Tech,10753339.180877188,6210112.632494714,0.42249448956857577,68.15736523603294,47.80140738406935,118.99877403708541,1.913038319214046,0.7390954619373558,1.9338017119585449,1.2320491242079281,4.4540589434639495,BBB,0,0.6567598240805944,60,35647.061630174554
CO-0072,Retail,2088129.4630028165,1179523.2422775675,0.4351292565062684,50.9132864842653,40.42731672875655,76.36804865667965,1.8326183237108045,1.292267185827633,0.933790490277495,4.538494092187511,3.222013091784711,BBB,0,0.17336363423388265,30,776066.1594893608
CO-0073,Retail,6321464.305202475,3885623.8017456615,0.38532852292658704,59.220423413717256,25.005052592987177,60.62266977669544,1.3372697755548242,1.2553624342245568,0.9415490631890626,4.571185773690164,2.480607177537765,BBB,0,0.4011436423174108,120,162928.31382672643
CO-0074,Wholesale,869838.1819801468,547517.8481179737,0.3705520642108693,30.66248583016081,45.789499458429376,95.09101308364609,2.197009442736473,1.1533487575267352,0.7376647622614924,2.111791812184282,1.4711203634690233,BB,0,0.5063675267445616,60,133602.4071700773
CO-0075,Logistics,4762604.381872795,2141487.400286114,0.5503537080600386,26.14262941568653,21.004966019195255,89.0211017154818,1.7693215440646957,1.354562043864194,0.4945268935273633,10.729084151826838,0.5444117815368119,BBB,0,0.2539703921348473,30,344234.84904374916
CO-0076,Tech,7745373.231650666,4346850.48095408,0.43878101791258745,89.658400588159,68.79950615714785,68.00114117240084,1.4804447276020767,1.0144215893288586,0.45030615678332253,0.49965125527338766,3.929897916098993,BBB,0,0.4861494913940962,90,102064.66264940171
CO-0077,Retail,24228579.79596477,14766165.946492497,0.3905476065521687,80.42426234130878,44.452668990552475,54.889913107367164,1.661201346237941,1.1849454685565235,2.2279860069423907,44.62781447133104,5.372766154106426,BBB,0,0.057781657031212595,120,26079.168946011552
CO-0078,Logistics,6270445.5019508805,4425840.316683536,0.29417450238478987,41.55534499447285,57.973062093716216,74.13739800699484,1.525094991992806,0.9913706791560712,1.8433406775660444,2.3405891146759377,0.3891614178772498,A,0,0.3876041939444835,30,2414.2753538940765
CO-0079,Retail,25018721.147315845,12798149.26992542,0.48845709600554543,60.9995037514347,60.546177371602795,84.27565422449455,1.258221890497747,0.9757530247222514,1.538187476515398,1.0072171968752948,0.9954459512982856,BBB,1,0.1682406579602076,30,199678.21587181304
CO-0080,Logistics,7381263.073712868,4660193.107312297,0.3686455745075941,41.311742026585236,34.02197181926413,67.67017006209,1.632109804968411,1.3095813799868479,0.7196991209410037,2.511327049808985,1.778178867695969,BBB,0,0.2870794570012941,90,174832.33040405772
CO-0081,Retail,27828516.74687259,13287977.02351201,0.5225050208611879,46.67159083410442,31.60100000513044,42.190552420482966,3.356796118117335,0.6765816535224003,1.346166744997582,12.844003472071332,5.970994716841142,AA,0,0.28879894766280834,90,31624.249969433396
CO-0082,Logistics,7295252.047789178,2966171.469442447,0.5934106936933943,46.80613879153346,65.26562177260931,105.65049854485952,1.59845741656997,0.633150625189568,0.798774081770378,14.01544519062467,3.1177383878369582,BB,0,0.20667652084697796,60,159905.11108361796
CO-0083,Retail,12611039.84384584,7108002.472822406,0.436366662794179,62.43759241604609,44.90604053847758,47.102517407238366,0.8092144788799799,0.8864694069988895,1.5314166684652888,11.341123482924083,1.2336219299284474,B,0,0.1554485370837802,120,14559794.33484105
CO-0084,Retail,1996916.2530765517,845207.3551666541,0.5767437147829889,88.58462372676733,69.439156627925,41.23703931390719,1.515363982319576,0.962570143860905,1.1324754562015475,12.287982304015436,1.4641479478964898,BBB,0,0.29939936668926576,60,1608404.444190824
CO-0085,Logistics,6019002.188517689,3875043.2584073823,0.3561983968373175,50.65221033155525,54.06591294806634,60.263929477236466,1.9055166714068892,1.8338430205612415,1.3553585104107349,10.531179106912406,3.0960973538659338,BB,0,0.5739001741210287,30,2985533.6921476796
CO-0086,Retail,60622.352652694644,32268.32042233812,0.46771580101479604,51.330048921760365,37.51329632433257,50.073610204445266,1.4383064367200868,0.6769177974773749,0.43576840227431535,0.8035899993413612,3.161180579524959,BB,0,0.2869194298852898,30,3414.794432269368
CO-0087,Logistics,2263070.2794734356,1665353.0865886132,0.26411782183976074,56.46043649666966,26.21631339115656,13.804207771450695,1.7255209126457207,2.3469947943682006,1.9764381085617084,5.599391256619034,3.7067658192308715,AA,0,0.18660705015062784,120,210723.50822230137
CO-0088,Manufacturing,59366.10641920139,32365.515021366366,0.4548149276824047,89.79809462364214,27.147950036090098,50.643583339822655,1.989741083212935,1.0808326365455885,0.7687268220228143,6.95981979516337,2.5967518979819166,BBB,0,0.27520958452707395,120,41991.70562675801
CO-0089,Logistics,8919887.47451265,6324410.920502905,0.2909763785054421,30.403318836949865,50.3831216635413,54.44006607710218,1.0808119661606574,1.358178613998795,0.8515560516834103,9.132893375531806,3.2158351048776312,B,0,0.5609306933025184,60,168975.72972035088
CO-0090,Manufacturing,357150.9520075831,178163.05219935026,0.501154760479072,38.74329803788348,43.51193078290419,48.82184750358116,1.9770327453628038,1.048166234785004,1.2744324275514203,9.838545633699274,3.37164942431055,BBB,0,0.4634028121120456,60,31323941.722929046
CO-0091,Logistics,23949003.432926033,10640180.14246944,0.5557151189080001,50.38944794344785,63.43779361882156,60.83967374025677,1.2232371601211325,1.2038183873581507,2.0160125812913297,1.233638288933166,1.5906075705765832,BBB,0,0.44064928350009397,60,99435.59167616938
CO-0092,Logistics,523134.0181776265,333066.7085161867,0.36332431663219383,82.4121066124795,41.28415608443207,100.86976727575987,1.7181190092870637,1.3767425821058612,1.6910053780826808,14.675292069657267,4.024247289674739,A,0,0.1992590894769855,90,595299.4220383175
CO-0093,Retail,583481.3657669993,417798.0711986161,0.2839564453795175,80.76439596265399,63.784995571576495,66.75201300648438,1.3390651995580267,1.3400556769844783,2.057031342839587,1.6605495381552176,2.5913610344933518,B,0,0.30716543497098764,30,197607.97179741258
CO-0094,Manufacturing,22153957.047878947,12560935.078413839,0.4330161852680652,27.12552492627988,22.598510686241976,49.78609187290033,1.7185548874321035,1.248604951799338,0.8019826551383666,8.919334349064865,4.742022890058453,A,0,0.30896655251807076,30,44002.11923990715
CO-0095,Manufacturing,57998651.474774554,24079767.814122938,0.5848219363411236,82.66769793398771,72.51372590325164,19.819217102849787,2.322902157105429,1.548305061454354,1.0517762323609525,8.708842525192956,4.284422691603933,BB,0,0.09878908537836416,30,231955.44878757923
CO-0096,Retail,23209213.80049926,9482345.961266806,0.5914404493502133,32.651805009054286,27.659990453650998,106.35112639351553,1.4595397455209267,1.2050989962327807,1.8840173131433937,3.6741558199432607,0.8230113752383188,A,0,0.21049726122215484,30,1063302.8595454753
CO-0097,Logistics,5156548.173190125,3387591.9356447468,0.34305046285469,82.33861437475562,41.01482927396407,86.43467490241908,1.3807196379036686,0.8961903134021633,2.1650908486885228,5.23085370639482,2.918513395115089,CCC,1,0.32860644110202214,30,24897.486783827717
CO-0098,Logistics,530597.7906428686,217334.55363254456,0.5903967987329469,33.01614128499984,59.057578860203485,24.209489359860022,1.7612652443523051,1.7155179865194234,2.393132178835538,7.566934570586409,3.284571566849366,B,0,0.3906342848509513,90,344505.8573653845
CO-0099,Retail,231392.6201967102,98780.49118359592,0.5731044010840916,80.85171860308137,46.927186199294944,28.58381921795192,0.981014866919231,0.682861914909821,0.7656231565430835,5.6622924678089905,6.819862487314088,BBB,0,0.22463799307599275,90,853173.3387130762
CO-0100,Logistics,14701403.369789336,9871781.799652526,0.3285143226572128,61.515378475900015,54.720616049329195,71.64533314964187,2.546592349847034,1.3352985598955693,1.8845611760799963,12.463308528790327,1.08706890963584,A,0,0.2600027383576354,30,116121.33187493286
CO-0101,Wholesale,2569848.641936844,1452209.194337389,0.4349047758536909,67.80454676462787,66.06216354344468,18.135374105356192,2.5339185391297576,1.1526010497675558,0.8231648921136321,8.38991250077715,3.235080298444412,BBB,0,0.3439514761981027,30,215097.69968254337
CO-0102,Manufacturing,397764.38601256034,280113.2960193998,0.29578085452186625,70.31930703499334,16.44971450911864,90.39018443537842,1.492287351042822,1.7542723813581695,2.5509137694606467,13.322158098929792,3.158527254975744,A,0,0.31380666666383245,30,218342.12555102532
CO-0103,Tech,175874.13678101712,97291.17962330012,0.4468136054339902,54.583940842783655,26.800339424361482,107.33354913337068,1.4026080040059614,0.7669988818212549,2.329628679265293,6.214068237888769,3.7598367233943844,BBB,0,0.2940772722863282,45,30114.47663574163
CO-0104,Logistics,293757.5172915069,158932.20872591113,0.4589680284906665,28.272169488867963,74.098155435178,67.12657136793992,0.6739035298558673,1.63092962835702,2.1494218934059495,1.4679447581135991,3.6983027677452185,B,0,0.29346307728331233,30,130045.48323007772
CO-0105,Tech,5447788.40305254,2343365.6466963207,0.5698500981823613,43.15398231994843,40.9047942448081,61.91436231852456,2.484482381119839,1.969274422806067,0.8974023364881085,4.187296582626677,5.329804332305979,CCC,0,0.292292359936199,60,11471.96484922813
CO-0106,Retail,2458614.0289705996,1400944.7107434133,0.4301892471792424,55.58176758785576,56.13757566983077,73.24636777424237,1.175170588891037,1.3331413487374788,1.6208018374565205,7.848832032846472,3.5511192000265934,BB,0,0.3522300164403247,120,1366797.4919293448
CO-0107,Wholesale,8365748.083969824,5576591.051069036,0.3334019868761385,33.49613264843291,56.44634152970363,30.419385932123685,1.6539630203411193,1.4255228088314733,1.4600977973128562,8.659748154015587,4.002601907047956,A,0,0.5316086135185892,30,2289985.1306359796
CO-0108,Wholesale,3222288.0482817753,1521582.1050792877,0.527794510521602,77.1572918535984,71.91318089116368,118.92619208768215,1.8012061411515365,1.2366996354867459,1.3475265828500076,2.406975606377619,4.427774588315458,A,0,0.5557424847545159,30,24373.190347743333
CO-0109,Wholesale,2252087.2985550365,1599524.4031351109,0.28975914736458797,63.420266231725506,29.74968588975831,53.1814467999448,0.9401209871963142,0.8175482602456242,0.7451726072830143,5.605668058979782,1.6107833672719978,BBB,0,0.5653877493938599,60,87837.09212920332
CO-0110,Manufacturing,447232.292004161,273331.8484116915,0.38883695721786465,77.48873656527701,49.307496047744124,78.33929188810981,1.4380736494085768,1.2627996949627487,0.9544759348870718,8.208094172258336,5.365564302833166,CCC,0,0.2384496416497626,120,79017.31577941569
CO-0111,Logistics,13312523.187672839,9713453.651283061,0.27035217033255216,69.17454871124336,49.05900421322801,30.393318726886385,1.4980348747198815,1.472736554228127,1.5621706312888015,12.670601987131992,5.233499164444981,B,0,0.467082280536702,90,1964818.8559247504
CO-0112,Manufacturing,47111458.6676307,25968121.745820306,0.4487939350588934,63.33611043253939,22.598627785352427,33.01283347048383,1.5805224445484423,0.9757480555121107,1.8756180693732396,0.9739535974839522,-0.3639749157691021,BB,0,0.40370056517526076,45,3484.551560495922
CO-0113,Wholesale,1701059.388440335,880615.5305100553,0.4823134709497281,45.97216046052228,25.030723921099852,82.86463372148944,1.279293517682089,1.2584856749453635,2.601388319763116,4.561580045206002,1.439901360096035,BBB,0,0.486613511285907,60,2312635.724916648
CO-0114,Logistics,51702681.26915636,25683866.81243867,0.5032391709294082,71.91552583558531,45.87678255857925,85.7684509214662,1.4200261181596985,1.0717612985024108,1.1972763464084026,4.527960077050199,4.546574743259377,BB,0,0.2645971408763481,30,108861.48599283172
CO-0115,Logistics,191577.90120531403,89039.51171128631,0.5352307800059743,86.45828187021233,52.3002261408677,99.35113785477,1.3920708651170914,1.419385961359182,1.0678596975785497,13.130149939749652,4.00357631167801,BBB,0,0.6287929553948057,90,15166.020797976795
CO-0116,Retail,140765232.07832012,70557464.75469048,0.49875787001556504,50.81637628943115,43.85414159537099,17.56444751666018,1.5469299617863586,1.3940117030131318,2.89954601139835,15.66691611035463,4.14190697230476,B,0,0.4836073439056645,60,22809.35234513488
CO-0117,Wholesale,2703373.804921357,1768983.3216939901,0.3456386540131282,87.85248459072648,27.123472012721578,51.80238430755551,1.3199461738604135,1.7446417818734365,0.4299000798529902,21.02331468223403,3.5247251250823153,BBB,0,0.5369249300329689,30,85606.24260434619
CO-0118,Wholesale,2293854.778301471,1145753.1030666186,0.500511926951621,29.906778787349346,40.50662028482422,91.27063592099124,1.0317027142371236,1.165353875611476,2.2246625135470124,3.3974259846955026,7.148317568291686,AAA,0,0.5073255784404563,120,1095420.1871509599
CO-0119,Wholesale,2467511.1000727224,1507150.4336863935,0.38920216665206697,34.31364885779998,44.373036380848134,55.16951828970112,1.468875380584337,0.6442991106978645,4.207344510437436,2.235050385076558,4.8317501523077935,BB,0,0.2956804523912821,45,15517772.816809107
CO-0120,Logistics,4845572.095689516,3004868.062537449,0.3798734177930208,51.85319897986264,33.74695050914179,77.19793107174877,0.7369731538933477,1.8768487910942968,4.624454945352567,3.573897937683128,3.4818115612851095,AA,0,0.38554688061850534,120,410520.3695406305
CO-0121,Logistics,399648.78982382984,214754.25502378435,0.46264254892789564,40.59643260556158,58.093057807333736,67.53967013627305,2.2783633950125926,1.2937192580611576,1.7600182664151407,17.11096141742925,3.346861104357068,BB,0,0.3475931802127573,60,3014312.898231883
CO-0122,Logistics,1247778.4500007753,499728.4077445567,0.5995054989575704,80.59787866562883,72.36299139877144,56.9574922695624,1.9330082855846085,0.6687579268050143,1.4715906565920995,4.131540417711048,5.097684221163714,B,0,0.39101824574621374,30,2176175.985141776
CO-0123,Logistics,13533366.54313731,8871930.160081489,0.344440266817395,63.047626058108534,32.553181872432916,63.958282187265795,1.3661928032587898,1.0868330239346522,0.7485514596225883,7.816878277997107,4.078130423583526,B,0,0.48406810859188404,90,33969699.92831467
CO-0124,Wholesale,6194639.25180072,4037322.3417170513,0.34825545482032033,30.077919289936027,25.82018141050711,23.555123474387628,1.0100190663473536,1.2365751297079575,2.2481264129647025,1.906619531954569,2.9079102543485953,BB,0,0.48782612592517116,60,12924.67832483023
CO-0125,Retail,1602017.9572529253,646762.4636234707,0.5962826379721033,84.59440636029156,67.2291040552038,90.40738105907707,1.0101228895961571,1.1699924290230101,1.1460444132834025,5.414721241787589,4.861723662097011,B,1,0.26552194210931945,45,196204.09731890162
CO-0126,Manufacturing,2048140.670837143,1092846.6633869153,0.46642011510848386,68.87662507643253,20.812282088869964,40.524161429512404,1.639799462260404,1.1130807402167135,3.7135392612915834,5.225634557922039,5.190069750869951,BBB,0,0.2876908143962217,60,138355.83051854584
CO-0127,Logistics,652754.5720207858,488727.27573268325,0.2512847911280189,88.52392580336719,71.89374176554873,21.978404101781535,1.4678906815369992,1.4715994282241176,0.706213949892438,3.8868327914466243,1.1920676989769259,BB,0,0.29029443287784373,120,543388.7374146595
CO-0128,Tech,14022039.874258414,9807544.94997661,0.30056218368190146,85.45432498458489,70.08152710475711,43.003469624941246,1.4467531760702992,0.8771269894789312,0.9289281985030439,3.9392274945078745,4.0013229791674005,BBB,0,0.24796305369545651,45,4116.809600008397
CO-0129,Wholesale,3278961.1745260167,2323999.3819668586,0.2912391278000419,43.43494890004383,57.94780072430363,76.62161606556458,2.584701179289586,1.237396081758046,0.9660616431746746,1.3308104498968738,2.135037695619358,BBB,0,0.6708000291889693,90,89492.4913653762
CO-0130,Tech,2400118.5573776206,1128718.2539824962,0.529723958629886,41.188114060084445,37.15020894591737,64.49783721893354,1.263717091948713,2.0751399860228115,0.872366140662217,1.2373563771731029,2.4611750090894664,B,0,0.4391312936444648,60,1370300.2804081854
CO-0131,Retail,97513.72458653679,50088.00426586887,0.4863491833765494,68.66871905543829,52.760397926760774,18.235490716910974,0.7682861628891048,0.4607041821959214,2.2593804500408576,1.7967942938698704,7.256947379059664,BBB,0,0.1592053462961595,90,500588.31049413094
CO-0132,Retail,5235487.095878996,2998214.8531436506,0.4273283844967104,58.215833660409295,51.885759864982674,33.074562172349744,1.4998597905605704,1.6881615361720441,2.6851319902956434,3.503121361634463,2.4671842476682944,A,0,0.7371519975005306,60,79204.59499825766
CO-0133,Logistics,4517881.288690395,1984494.5842053485,0.5607466293607292,68.54497962407454,27.773104833052205,47.9499245475061,2.019682111087512,1.7627514770608514,3.3330704861915534,1.9386389215447544,4.390453012721865,BBB,0,0.4175719434573119,120,12329.34075355417
CO-0134,Logistics,30490461.86429473,16979443.578785438,0.4431227819914106,28.64192268355879,39.96548211593167,111.0239178355919,1.7454251725064953,0.8295272663769306,1.3343482105203934,5.644706727407418,1.0559337992641487,AAA,0,0.19291942863360878,30,24459.874415596318
CO-0135,Manufacturing,6969026.9943336155,3524283.4729474634,0.4942933244751395,27.612239647128657,58.94004433618104,29.677861149013165,1.5020901726245544,0.5656076718999722,2.2692067044736834,6.157618061856825,3.6595259283251997,CCC,0,0.40106727250985924,60,760297.3722720848
CO-0136,Wholesale,31807880.185808502,15429996.48518432,0.5149001946986517,37.69033191338269,39.97410399524265,72.53057862980135,1.459739225427675,2.495266706780217,0.8641900420868288,3.2159046396058963,4.532839146762095,BBB,0,0.4772137068008173,30,205219.1480008622
CO-0137,Tech,722934.5475545103,308796.0044351109,0.5728575906633826,26.126388587848567,26.19285996860263,73.76575371590229,1.805657144130104,1.70818861313898,0.860571050178897,3.5446247833930773,2.4229757194541204,BBB,0,0.24671721362679555,120,406847.08124430367
CO-0138,Tech,3151260.646378338,1668392.484571709,0.47056347544937316,46.37739821672068,53.00395166526087,20.155218563858874,1.3905444035230434,0.8278455330973656,2.90673727348485,0.6405726562572046,4.4473235090980445,BB,0,0.5294683605180092,45,42312.734079200054
CO-0139,Manufacturing,4257968.209361757,1939530.1595054767,0.5444939783154933,39.17721454436042,46.99063836507689,66.29871582352561,0.9211282337923777,1.1270940240976062,0.33441299672572333,4.432558804939865,3.555422279448176,BBB,0,0.30230477823189,90,18520.82510746268
CO-0140,Manufacturing,1555303.2987406552,807862.5502920989,0.48057555658357226,86.31503051967452,17.976548417373344,98.88238172325077,1.1175264737334365,1.293842037397929,3.1327007080670755,1.5561766372270367,2.501839325837285,BB,0,0.43403496812705644,30,130354.55186763217
CO-0141,Retail,999995.9433353706,601347.1803186265,0.39865038020764104,27.261238309701078,21.190006143745045,14.724453985126704,1.407859581262377,0.8935893945128145,2.021707021411186,5.625595131958812,3.5078753145801644,CCC,0,0.17292814923845135,90,318890.9165773845
CO-0142,Logistics,2933949.126005845,1444502.2813297377,0.5076593971838147,35.40881195780093,43.800879015012356,70.61101840599572,1.9952776336599714,0.9108301325215861,1.9803822228552936,8.50494320628046,1.7610243374085401,BBB,0,0.333370139796071,60,1589330.6382297236
CO-0143,Retail,497145.61103296146,293288.21224476636,0.4100557145915929,62.98291627219248,74.75933944913277,29.466512775289488,1.0384670698477205,0.6660461744661672,0.613118525919417,6.329028578125703,4.5646415627953,AA,0,0.07005083909040756,90,58828.57824850018
CO-0144,Tech,10073435.675538747,4275660.558315296,0.5755509146995545,32.19793663534157,66.94762561907264,84.08744611043139,1.7194791688579736,0.6951233407942593,2.0385209945968747,1.5475112279447019,2.699577796740382,BBB,0,0.5271570021347367,60,40498.92324792565
CO-0145,Manufacturing,163316036.4033689,92881739.59913325,0.4312760605472465,76.07967597006329,66.86431895707679,112.08294710449456,1.4482199748882243,0.9816521475420457,2.0846377313006212,2.162763814145185,4.857093876641628,CCC,0,0.1284387766290153,120,114183.28261913496
CO-0146,Retail,614885.7500804852,402516.4471505251,0.3453801017541261,54.34646748528984,71.66120319668445,67.1215733137385,1.4583457642256286,0.6894534587632096,1.8697434640327724,0.6340826510142149,4.464753250575407,BB,0,0.18869104930247618,45,569740.0182772917
CO-0147,Logistics,338386.8912153124,175425.21189336557,0.4815839016005376,87.53249428956649,68.83619667270366,115.92897228889757,1.186653163723246,0.9126272078295005,0.255787962094796,3.0625564299953587,4.055938459190635,BBB,1,0.20443251861018216,120,211187.4785286797
CO-0148,Logistics,1534605.7941256824,652663.9479455778,0.5747025389556653,23.20976480701491,38.38546624419625,107.58861906819725,1.4663587973788192,0.8523785822529965,1.4030665971362095,1.4957631764021764,2.4724079925154423,BB,0,0.3386833646277271,90,489755.6693631308
CO-0149,Wholesale,15574398.884701319,8259645.2453029575,0.46966523032767704,57.29318643569227,69.45219975503797,45.36555656353783,2.2577528148503787,1.15426008779995,2.063425286182802,7.95235583308406,0.5967363479760799,A,0,0.34743367535774117,90,925104.8935013849
CO-0150,Tech,3876679.5302759344,2323943.125457554,0.4005325672890634,63.94218826053935,54.96914208957266,93.3069427357884,1.376652261111384,0.8602166604439221,0.882463138553711,9.541373727842888,3.417183847668547,AA,0,0.5514536643012691,45,3754.106255678114
CO-0151,Wholesale,5749015.6157595245,3623632.792818559,0.36969508607956236,66.71435004329643,42.89632363349844,102.54418883149397,1.019168799552474,1.3881511596552143,1.35313154775108,0.903715218573416,4.322849107978923,BBB,0,0.32265565182724065,45,1491386.4592799442
CO-0152,Tech,1403101.813966849,668181.5320138161,0.5237825756031678,37.330734779827615,19.815471853308473,101.95589623374049,0.9357652097258434,0.8969322056234404,0.2639613618718034,7.390581170754545,5.013767100092656,A,0,0.2478597572080709,45,113310.45354564083
CO-0153,Retail,830956.3546141632,545937.1192381302,0.3430014510309336,21.27138711055096,35.38233515733802,15.716676216010757,1.589692297241011,1.4968957903372844,1.199420729464588,6.826966740747242,4.130873310765788,BBB,0,0.3460097827588623,120,3403991.755424764
CO-0154,Logistics,1719948.3115825409,1074682.9818078398,0.37516553574856343,30.985562235060378,52.65500418180187,105.96480532271865,1.4299979187694551,1.0180246534702004,1.208777795509652,2.88240794241612,6.133423932672283,BBB,0,0.5302434883147062,30,1798879.3862978157
CO-0155,Wholesale,21704357.799322717,12980538.59411606,0.40193860080388477,63.55783057686773,51.838764005549294,79.81725779335595,1.3541380399675098,0.8147668116862475,0.5829252268868498,4.12790299170931,7.033253199819736,BB,0,0.40880512216878484,120,6086452.799996824
CO-0156,Retail,22723433.464362003,16622464.962752933,0.2684879690904741,80.0750324170926,16.880314184575617,49.584626928771904,2.478413495222521,1.136768106549966,2.079054331079888,2.941220992962685,6.529315387158231,AA,0,0.3974656287844973,120,190900.36458937195
CO-0157,Retail,103737801.63325742,41665779.622324936,0.5983549008525813,27.006882549375696,45.365172077182805,45.82243443228155,1.868079999409728,0.8936281042435972,0.5786714301967815,2.6664493033732812,1.6416375018073397,AA,0,0.7032188073939901,90,175744.14486722194
CO-0158,Manufacturing,1252193.7002864408,737740.2462318644,0.4108417523078854,24.9259477047749,20.677906833902192,12.727583625867688,1.129475156486345,0.8263815986379199,0.8657695853338312,3.8748107706843435,4.128253649294549,CCC,0,0.6188767155068212,60,220013.19179985276
CO-0159,Retail,260131699.77639884,104147743.37571736,0.5996345563987798,63.87655589510312,58.121368136712604,100.27163574196605,1.4237709934480303,1.028951413358438,1.6316825792280756,2.841232588811258,4.05752873416915,A,0,0.17863913924371416,120,873101.3386526378
CO-0160,Tech,1379024.2853058658,840375.0649495057,0.39060169287511015,82.82071038762751,40.190204053493616,38.558446814419504,1.046669675878272,1.078446984028743,1.202275588283333,5.479996804279868,3.081438679936963,A,0,0.5531847229068725,120,635609.9786913875
CO-0161,Logistics,1203407.672434732,716803.5415582543,0.4043551840516201,31.8759091403235,61.261655377487806,82.60323354171209,1.3702383124857183,0.9194004372326958,2.2877972016545316,3.7903881023182953,5.0620839253485315,A,0,0.20543089685898397,120,3624520.4005449293
CO-0162,Logistics,2806296.9215769568,1897339.9089521815,0.32389908766817177,41.61153582985548,74.42444231292076,100.84976145979743,1.2678763884325606,0.7271307369455201,0.9802811314841238,10.497222065776823,6.179361078811972,BBB,0,0.20039363740095606,30,30107.42932945373
CO-0163,Wholesale,78815.84309132305,43932.718904303285,0.4425902562077662,74.49917064595763,45.27319783464,83.03814047366407,2.3450038520408714,1.8432198239983122,0.28504674924414297,3.024461250726648,2.9872239664072096,BBB,0,0.15868899408944798,120,936050.0014671971
CO-0164,Logistics,6557176.94398325,4381740.990017582,0.3317641071073749,74.27881873261964,33.677795049527994,62.84077568581592,1.5471411340909464,1.0330864367476564,1.4960281118907122,0.937111130306861,4.138865934839455,BB,1,0.30296620526597573,90,7260840.095204984
CO-0165,Manufacturing,3810986.1733406167,2663971.036224375,0.3009759377087418,24.047511739022035,57.47893556530952,91.01539989040252,1.3725711241922431,0.7926171072132326,1.3367073436502637,14.91587636050872,4.113054018666136,BBB,0,0.3496900705140547,30,323749.79880015797
CO-0166,Manufacturing,338275.2436984722,189462.96832613437,0.4399147680608409,52.91602678121058,23.624574614399446,115.5106984860189,1.2315779462712764,1.2723272434099318,1.3604820544476735,3.4888209251496587,3.808214349210527,BBB,0,0.5262301260247877,30,131654.32015337408
CO-0167,Retail,42888700.759653874,28448571.795086388,0.33668842163089163,50.29764289147258,31.212751795092395,26.183461877747554,1.9024048985254451,1.2676681704218076,1.0104724632827033,5.744837334270518,4.7537466405910855,BB,1,0.35851249527422324,30,73369.84675069203
CO-0168,Wholesale,1453360.988294026,900772.3737855698,0.3802142887825082,54.642317789157815,57.42568354225369,65.59996935002253,1.1191508180675056,0.5476915857449409,1.4839780676321024,2.905776786564824,2.85837185883465,CCC,0,0.4368133704915664,90,69164.08585955099
CO-0169,Tech,30403341.34566755,20653429.154947776,0.3206855483372431,61.61379052845257,48.092344539634574,115.4147485005313,1.4154614589439936,1.1219299319904112,1.1896749581274029,4.955879100245702,3.794375089545645,BBB,0,0.3317332960130091,60,14232.831497557696
CO-0170,Logistics,319778661.0246459,158932682.26522306,0.5029915950114826,87.77593869217421,44.87965580490931,84.2823750999387,1.6312064398055266,1.672975757718263,3.954937503342781,14.455664693094898,2.874544082963444,B,0,0.4332677779276759,90,747536.4891453206
CO-0171,Retail,620575.5282228845,404121.0473537665,0.34879635278073146,27.49746891717914,33.787885947657045,117.7668457376814,1.4320619547105284,1.1205124559119561,1.1398598018930288,5.401887645280741,3.3890978373243428,AA,0,0.27621321991137127,45,293.90950794694317
CO-0172,Manufacturing,136019.41951820173,63252.862541568335,0.5349718241290978,54.3937803462932,70.84095327668905,12.759678245331543,1.3469017012657394,1.4635156392346025,0.72988831133668,13.369976383055842,4.359286093952432,BB,0,0.4598534688185853,45,2282896.4277024954
CO-0173,Tech,40882394.30048321,25333314.457510598,0.3803368200181179,45.478597212384564,17.039810180784436,99.40905915150601,1.7850964946913122,1.2051251226949826,3.2607026165922597,6.9825816895842046,3.2858363057070044,BB,0,0.22176286629845876,120,280376.15631516365
CO-0174,Tech,148470.90943609126,88159.99930626506,0.4062136505992563,27.43689952662362,29.852492055211194,79.51891074969454,1.2651130101205383,1.3829917992373668,3.4900712646506142,5.385489371020012,3.422422602144177,CCC,0,0.19212425134917296,90,170059.36346094386
CO-0175,Logistics,1827997.7198591225,1024038.8170371087,0.43980301183525117,62.87126858513884,31.995738186798867,118.17633700340858,2.1621155404671035,1.2619010236602515,0.7930000186315751,8.200799054600074,2.9269307894013243,BBB,0,0.3046976258149759,45,6326186.647825578
CO-0176,Logistics,23389221.59479277,15554860.752496503,0.3349560313730346,54.95002521315157,32.60146793173532,34.566612475073306,1.812149997536112,0.7515044815774531,1.1967753943940043,17.1635882592065,1.9223695667602305,B,0,0.7508612687902556,30,32600.08175982458
CO-0177,Wholesale,221075.93402454877,157356.94981981936,0.2882221644154805,85.42692995516441,35.466421691342305,100.47587207923353,1.2590967018781576,0.8155422315430881,2.4712832360910646,2.543964978981539,1.70901831217227,BBB,0,0.3705724273841486,120,12534764.500119567
CO-0178,Wholesale,2463143.831766413,1750516.7736340794,0.2893160557421781,45.843722661470835,58.339397281990585,102.22271471330826,1.4826393854572844,0.7900329185306972,1.021448075577988,4.033301429058176,3.522887184556293,AAA,0,0.7168393899538412,90,131195.16407551183
CO-0179,Logistics,517961.3664411382,374271.7560018081,0.27741376046365646,34.056644960963744,64.1916774696473,74.31129400939433,1.158442599832556,1.350462068363528,2.239168487798625,4.084886474149427,2.539971332668243,A,0,0.18418292598665084,60,37629.302688083
CO-0180,Logistics,5264813.178964882,2125088.144640161,0.5963601988517329,53.629622201239336,24.64386534102454,11.909720815513396,1.6307755350503492,1.588208463630919,3.0378740445303403,6.608603718924315,5.332673960801658,B,0,0.35073177855653587,45,6850216.521707968
CO-0181,Logistics,126707.38121713205,89521.90489633866,0.29347521796753506,80.05694762145096,42.140079532509176,102.93051318578935,1.4068584640275483,0.7254277048635234,1.5934244961738464,5.847526036731122,1.4637797834561477,B,0,0.4653550050952117,60,30326.14219239812
CO-0182,Tech,2954705.161661324,1291317.5348372199,0.5629623044652081,61.86153405498452,24.58361456178805,44.40638634883121,1.209896090855036,0.9823971328225958,2.3328492331432247,3.099337825293176,4.612836612522903,BB,0,0.3902124268095451,60,134758.56956719724
CO-0183,Logistics,78789808.42561623,35692531.41636345,0.5469905038535536,57.099127419960105,23.39266409209717,103.61677050233214,1.6630743544298716,1.2628333631465722,1.0624258141676453,7.522125274926071,1.1210860966117795,AAA,0,0.1903089347233415,60,1394945.2060331206
CO-0184,Retail,8183267.482843757,4187579.8030502973,0.4882753360036721,34.57187233425597,31.741929099076803,45.41091709059676,2.319569611166038,1.5782225633482103,0.8999808130319545,4.572632143753001,2.1793908868288066,B,0,0.19438161116831446,30,9371.058204300425
CO-0185,Manufacturing,1998645.6317838107,1351011.6466882317,0.32403642486515194,60.64329377646705,39.66507345446648,105.17803294287314,1.0916984932540779,1.5470197865360393,2.18364661318734,2.7443638190794903,3.470072106335873,CCC,0,0.7919946830238035,120,814416.587502973
CO-0186,Tech,13640407.371165505,9662242.62443611,0.2916455966805543,46.23748044408916,24.99897573912122,112.2797241277161,0.8710781582577624,1.3286466478147472,2.317625572785439,3.7893092545931877,2.203773136694921,AA,0,0.24607956257268424,120,1000188.2090134206
CO-0187,Logistics,15585897.725266442,7046980.01200566,0.5478617827331347,24.69687983870192,51.33221549046229,50.79217961700888,1.8478586225312639,0.7062006614792563,2.544325750704619,4.404492963605586,4.443645217177213,AA,0,0.3189120710622912,30,43793.632018875
CO-0188,Tech,3321695.4267613175,1523148.1749941707,0.541454594926768,25.04703788870212,41.96786563368801,109.67886896655007,2.242980861312378,0.6394978163016535,2.0744416505659564,6.091550520798118,4.435571509720037,AA,0,0.5124936853109663,120,708564.6192168491
CO-0189,Logistics,2629819.556314975,1941301.8646009539,0.26181176197457595,71.96065747932619,66.93519929906691,34.67976325092791,1.2635017376670075,0.7832629176200189,0.6454998472374789,4.728102644836691,0.8731072135018136,CCC,1,0.6251925254903229,90,165815.4275048164
CO-0190,Wholesale,10346354.062911952,7369168.131713072,0.287752179472675,53.37037201472969,73.4006540945274,67.31205526828793,3.029091229905,1.0475421252807873,0.9064267672485384,1.7703772445238084,3.2609947965368287,BBB,1,0.3927201160178268,90,16323.883663537108
CO-0191,Wholesale,904441.5448058776,400213.84136523266,0.5575017051531711,24.114110231179968,41.36064057689642,70.89015150721221,1.5256314708402123,1.1104162028046587,1.1006932165942371,11.640780337384,2.9862265702681445,CCC,0,0.46611877864567974,120,68548.65054554064
CO-0192,Wholesale,99314.9585794087,62335.66918237615,0.372343601870057,57.14945426874807,43.33142856398098,36.41302324229246,1.7040580726148518,0.6400374917170358,1.6578680456408075,6.072138021360324,3.120063545155801,AA,0,0.7109016235933615,30,115019.04593012545
CO-0193,Tech,15422251.92199739,7590927.81708125,0.5077938127664743,32.24490605840931,60.57819885749263,106.26807391482015,1.3292342568619062,1.0499567904738567,0.7357397270076418,4.8139762499359655,2.533390323409115,A,0,0.17596239378523218,120,13962886.101127392
CO-0194,Manufacturing,56166569.277757764,41148807.218800634,0.2673790165942045,47.637745410199344,70.72154569477463,49.48302815570071,1.9481461556596564,1.2761106211037854,1.448269088198998,6.696904625355415,4.126455564270499,A,1,0.3302087123756778,120,147717.94520055345
CO-0195,Manufacturing,1723663.2199622628,984877.960158123,0.428613461868911,63.78915255034897,17.825630894205545,12.287657422763836,2.739983861993616,1.6318760262384386,1.7545295275254273,9.976398513799534,-0.708716428700658,B,0,0.0670071870653705,60,4437092.027193048
CO-0196,Logistics,7474266.034668011,3278253.3879978093,0.5613946074715253,37.10384596761223,34.476527994383616,61.33388900295503,1.2093118466140156,1.3492504227238742,1.2543311192168343,3.1784134116689238,4.975628604750835,A,0,0.5667390766834348,30,1432252.0311666015
CO-0197,Tech,144257666.19223636,70288439.57107785,0.5127576826495157,46.2226293745487,32.39439550608651,30.88555871639756,1.8501405314280435,0.7904521671784154,1.6362582320985266,4.460805688854096,3.2514293386185638,B,0,0.34198804723593346,90,14061.8660146576
CO-0198,Manufacturing,668067.5178528868,368342.8641489877,0.4486442548010553,49.09429670763282,46.53070200003113,62.31075948924371,0.9089330327873811,1.4268473310047751,4.159391435864337,2.3544155353904825,2.693742200366746,BBB,1,0.2455727776460245,60,2840651.175561589
CO-0199,Tech,875160.5130185145,520984.0937370369,0.4046988112613632,63.175950770952035,73.77503347114255,70.47619044307605,1.1408352829232613,1.2244208566195867,1.3402031270663963,10.515086592812338,4.535513021997529,AA,0,0.41905362454931194,45,41700.329319241006
