invoice_id,supplier_id,anchor_id,invoice_amount_usd,invoice_date,due_date,early_payment_date,payment_terms_days,discount_rate_bps,discount_amount_usd,payment_status,days_early,days_past_expiry,supply_chain_risk_score,anchor_credit_rating,financing_cost_bps
INV-00000000,SUP-0519,ANC-066,20947.574612585784,2021-05-10,2021-07-09,2021-06-20,60,169.25638500636106,39.8262851771696,early_paid,41,0,0.21453739673001215,A,169.25638500636106
INV-00000001,SUP-0569,ANC-013,47744.68661281385,2020-10-24,2020-12-23,2020-12-18,60,208.99658443636952,150.3606036954691,early_paid,55,0,0.2819974791228028,AA,208.99658443636952
INV-00000002,SUP-0413,ANC-052,15901.284557075716,2020-03-07,2020-04-06,2020-04-06,30,83.14450040569908,5.071085217615577,late,0,6,0.39415611593232464,AAA,83.14450040569908
INV-00000003,SUP-0124,ANC-003,93264.6513353108,2020-05-31,2020-07-30,2020-06-15,60,139.4459587066018,53.44676185844944,early_paid,15,0,0.3513312479431751,CCC,139.4459587066018
INV-00000004,SUP-0076,ANC-048,332122.89326281735,2021-11-25,2022-01-09,2022-01-09,45,171.92964133718567,156.44320525628652,late,0,24,0.4780033247540366,BB,171.92964133718567
INV-00000005,SUP-0585,ANC-038,52976.39917257255,2020-05-23,2020-07-22,2020-06-12,60,95.4602854304434,27.71036814296373,early_paid,20,0,0.24762163238012874,A,95.4602854304434
INV-00000006,SUP-0538,ANC-047,35005.47814579577,2020-02-10,2020-04-10,2020-03-18,60,140.13954585831016,49.72852519629544,early_paid,37,0,0.23377845762477684,A,140.13954585831016
INV-00000007,SUP-0334,ANC-001,73803.54120839942,2020-08-13,2020-10-12,2020-10-12,60,222.97853713284832,184.85502241336556,paid_on_time,0,0,0.21924333969187787,BBB,222.97853713284832
INV-00000008,SUP-0059,ANC-035,93211.17971540317,2020-07-04,2020-09-02,2020-09-02,60,225.91252223148436,236.5371181087219,paid_on_time,0,0,0.39326616343586757,BB,225.91252223148436
INV-00000009,SUP-0145,ANC-074,67395.9277016118,2021-06-07,2021-08-06,2021-07-13,60,196.75184818319678,130.78625755377433,early_paid,36,0,0.3648317389920068,BB,196.75184818319678
INV-00000010,SUP-0448,ANC-056,42040.18708702836,2020-09-13,2020-11-12,2020-11-12,60,116.39709735965924,57.647752664012756,paid_on_time,0,0,0.5755217992506443,A,116.39709735965924
INV-00000011,SUP-0474,ANC-042,14357.166740760735,2022-05-26,2022-08-24,2022-08-24,90,199.50676654247815,34.529173747686826,paid_on_time,0,0,0.22514569969498877,CCC,199.50676654247815
INV-00000012,SUP-0198,ANC-078,98593.23804220515,2022-01-16,2022-04-16,2022-03-09,90,170.32335696319677,239.23891134669506,early_paid,52,0,0.6209494304711318,B,170.32335696319677
INV-00000013,SUP-0470,ANC-019,377057.73026916775,2021-01-17,2021-03-03,2021-02-21,45,173.1299550727289,625.9724867250452,early_paid,35,0,0.29148711957747675,BB,173.1299550727289
INV-00000014,SUP-0328,ANC-031,64151.00287402999,2020-07-14,2020-08-28,2020-08-28,45,149.13351597771816,110.08677087896805,paid_on_time,0,0,0.2615325679769605,A,149.13351597771816
INV-00000015,SUP-0091,ANC-040,39233.723215608334,2021-11-07,2022-01-06,2021-11-23,60,144.12955328493607,24.787896989678707,early_paid,16,0,0.28435630120741634,BBB,144.12955328493607
INV-00000016,SUP-0543,ANC-039,82423.2951479413,2020-04-10,2020-06-09,2020-06-09,60,236.1651628418846,261.3178178379002,late,0,16,0.1605209143889998,B,236.1651628418846
INV-00000017,SUP-0579,ANC-028,40769.523243065145,2022-02-25,2022-04-11,2022-04-11,45,125.99738617601304,29.55449880811967,paid_on_time,0,0,0.06834909084283071,BB,125.99738617601304
INV-00000018,SUP-0159,ANC-060,160496.41094957665,2022-05-30,2022-08-28,2022-08-28,90,129.2385679310557,221.63033590649383,paid_on_time,0,0,0.3778700000611688,BB,129.2385679310557
INV-00000019,SUP-0123,ANC-002,42758.79411627743,2022-03-25,2022-06-23,2022-06-23,90,139.552542930053,137.32500546030812,late,0,38,0.280799768588527,BBB,139.552542930053
INV-00000020,SUP-0117,ANC-059,1254011.4395936234,2022-03-09,2022-05-08,2022-05-07,60,122.3396243576301,2479.8635668885577,early_paid,59,0,0.16222223481759607,BBB,122.3396243576301
INV-00000021,SUP-0398,ANC-001,117790.28192049876,2021-10-21,2021-11-20,2021-11-12,30,182.46744189036548,129.54619486978746,early_paid,22,0,0.344151151429588,BB,182.46744189036548
INV-00000022,SUP-0375,ANC-072,21272.579997899276,2021-09-21,2021-11-20,2021-11-20,60,214.70743813776474,71.32622623944872,paid_on_time,0,0,0.5964785096900442,BB,214.70743813776474
INV-00000023,SUP-0596,ANC-018,146472.87035938178,2020-01-08,2020-02-22,2020-02-22,45,130.39306673041307,94.18707990722963,paid_on_time,0,0,0.2613475911794147,BBB,130.39306673041307
INV-00000024,SUP-0464,ANC-002,23380.617188924527,2021-01-29,2021-03-30,2021-03-15,60,242.8198656125744,69.99384234764837,early_paid,45,0,0.3230807691492409,CCC,242.8198656125744
INV-00000025,SUP-0219,ANC-030,65383.49082640369,2021-10-27,2021-12-11,2021-12-10,45,164.01315972481046,129.2726379912799,early_paid,44,0,0.4597740054250746,CCC,164.01315972481046
INV-00000026,SUP-0462,ANC-039,22757.645722889636,2020-06-13,2020-08-12,2020-08-12,60,101.02059418200022,31.4930259330105,paid_on_time,0,0,0.015264927827798291,A,101.02059418200022
INV-00000027,SUP-0051,ANC-074,12931.096203091247,2020-11-07,2021-02-05,2021-02-05,90,206.97088345092982,3.666247130332547,late,0,16,0.3012236813025665,BBB,206.97088345092982
INV-00000028,SUP-0492,ANC-001,579927.5309789141,2021-12-03,2022-01-17,2022-01-17,45,157.8998325291678,476.66814805256496,defaulted,0,0,0.40818394578865685,CCC,157.8998325291678
INV-00000029,SUP-0211,ANC-055,40822.44697525249,2021-07-07,2021-09-05,2021-07-16,60,171.77246109809295,17.29028757941635,early_paid,9,0,0.2271408865848568,BB,171.77246109809295
INV-00000030,SUP-0105,ANC-043,40657.8406824834,2022-03-14,2022-05-13,2022-05-13,60,116.14538085566251,20.700144179006614,defaulted,0,0,0.24811968215273747,BB,116.14538085566251
INV-00000031,SUP-0486,ANC-015,27653.187152486793,2021-09-24,2021-11-08,2021-11-08,45,224.4252587123059,42.50735397888125,paid_on_time,0,0,0.2794538701819406,BB,224.4252587123059
INV-00000032,SUP-0302,ANC-007,58691.11340163923,2022-02-24,2022-04-25,2022-04-25,60,184.28730955423933,168.9078248934955,paid_on_time,0,0,0.3955080627374357,B,184.28730955423933
INV-00000033,SUP-0251,ANC-067,138957.13334690942,2020-03-18,2020-05-17,2020-05-17,60,167.41617391672105,44.61526060921269,paid_on_time,0,0,0.32680531423726045,BBB,167.41617391672105
INV-00000034,SUP-0506,ANC-015,28916.708583782005,2020-02-05,2020-04-05,2020-02-12,60,165.80337733273768,9.194908386784482,early_paid,7,0,0.5784023159853185,BB,165.80337733273768
INV-00000035,SUP-0377,ANC-078,43469.729606852095,2022-01-22,2022-03-08,2022-03-08,45,139.2641836458478,53.07420411619943,defaulted,0,0,0.27066229244151163,AA,139.2641836458478
INV-00000036,SUP-0227,ANC-035,64583.81752443481,2022-05-29,2022-07-13,2022-06-20,45,149.36174369717213,58.142393205898756,early_paid,22,0,0.37607970205153735,A,149.36174369717213
INV-00000037,SUP-0593,ANC-046,9250.69436976082,2020-04-17,2020-06-16,2020-06-16,60,204.10224479623628,21.725938204182924,paid_on_time,0,0,0.1823532740154895,BBB,204.10224479623628
INV-00000038,SUP-0385,ANC-031,250222.41427373711,2020-06-30,2020-08-29,2020-08-29,60,174.104719382225,632.586265938194,paid_on_time,0,0,0.30869604862543115,AA,174.104719382225
INV-00000039,SUP-0072,ANC-013,276430.4304902133,2020-01-17,2020-03-17,2020-01-25,60,176.67246500248814,107.0414149181478,early_paid,8,0,0.5834174016518265,BBB,176.67246500248814
INV-00000040,SUP-0209,ANC-047,74482.16513810345,2020-12-01,2021-03-01,2021-03-01,90,198.2603708306221,48.5485863470072,paid_on_time,0,0,0.40602352246222195,BBB,198.2603708306221
INV-00000041,SUP-0360,ANC-029,221717.61160377302,2021-02-11,2021-05-12,2021-05-12,90,84.62792208662893,190.20535017024372,paid_on_time,0,0,0.13544232634807274,BBB,84.62792208662893
INV-00000042,SUP-0542,ANC-058,377074.9127920533,2022-05-03,2022-06-02,2022-06-02,30,152.9878598713367,173.85389674287634,paid_on_time,0,0,0.22014537069609136,BBB,152.9878598713367
INV-00000043,SUP-0086,ANC-044,14143.046056080737,2020-04-06,2020-07-05,2020-05-19,90,179.22985731290748,29.86268861475421,early_paid,43,0,0.27472016909890146,BB,179.22985731290748
INV-00000044,SUP-0264,ANC-071,1743.34182534725,2020-07-13,2020-09-11,2020-09-11,60,175.02321705157544,0.9195556826359607,defaulted,0,0,0.40044872265291076,BB,175.02321705157544
INV-00000045,SUP-0513,ANC-045,156147.54979475797,2021-10-06,2022-01-04,2021-10-27,90,161.46238253266077,145.05508595793893,early_paid,21,0,0.3664170274347383,BB,161.46238253266077
INV-00000046,SUP-0455,ANC-077,54344.37565670735,2021-05-11,2021-08-09,2021-05-21,90,107.84874841717551,16.057459994763583,early_paid,10,0,0.18656638005711831,A,107.84874841717551
INV-00000047,SUP-0387,ANC-042,34632.00766978679,2021-09-30,2021-10-30,2021-10-30,30,184.80657893054337,17.53485714780722,paid_on_time,0,0,0.39342636209748366,B,184.80657893054337
INV-00000048,SUP-0327,ANC-048,288740.48859799624,2020-09-19,2020-12-18,2020-12-18,90,96.59274174359797,206.3113306969306,paid_on_time,0,0,0.3855701691143315,BB,96.59274174359797
INV-00000049,SUP-0154,ANC-057,430558.6742569442,2020-05-30,2020-08-28,2020-08-28,90,189.8103795244257,1544.929005591465,paid_on_time,0,0,0.26445707819936914,BB,189.8103795244257
INV-00000050,SUP-0416,ANC-078,450712.7576689245,2021-03-05,2021-04-19,2021-03-13,45,216.91806991678067,214.28546077898693,early_paid,8,0,0.4313473619634448,B,216.91806991678067
INV-00000051,SUP-0184,ANC-009,83262.62499645537,2021-09-20,2021-11-04,2021-10-01,45,180.04097644997583,45.177404758260245,early_paid,11,0,0.1664398914563332,BBB,180.04097644997583
INV-00000052,SUP-0252,ANC-007,472716.5172963963,2021-07-08,2021-08-22,2021-07-18,45,201.12303235726876,260.4772038466261,early_paid,10,0,0.09925221373724386,BBB,201.12303235726876
INV-00000053,SUP-0344,ANC-033,37297.60877747965,2021-07-28,2021-09-26,2021-09-26,60,106.08508266240091,58.537774014935934,paid_on_time,0,0,0.2345683223233479,A,106.08508266240091
INV-00000054,SUP-0484,ANC-041,29276.975474127354,2020-08-07,2020-10-06,2020-10-06,60,142.0029431395909,41.00465770078394,paid_on_time,0,0,0.33863430367697206,AAA,142.0029431395909
INV-00000055,SUP-0031,ANC-067,78310.33906698851,2021-10-23,2021-11-22,2021-11-22,30,111.60510042331964,71.83424593771615,paid_on_time,0,0,0.34211897716044165,A,111.60510042331964
INV-00000056,SUP-0192,ANC-020,82849.72543932217,2021-05-18,2021-07-02,2021-05-25,45,163.8290052514043,26.030771706447347,early_paid,7,0,0.21471041114821954,A,163.8290052514043
INV-00000057,SUP-0454,ANC-012,268005.63286990486,2021-08-12,2021-10-11,2021-09-19,60,189.75798884615298,529.461911213062,early_paid,38,0,0.08990890499940776,BB,189.75798884615298
INV-00000058,SUP-0426,ANC-065,159570.15391533513,2022-02-12,2022-04-13,2022-03-06,60,98.69183798499824,94.92109016547307,early_paid,22,0,0.15372126158159688,A,98.69183798499824
INV-00000059,SUP-0107,ANC-076,24797.166720223016,2022-05-15,2022-07-14,2022-05-26,60,181.85008193932555,13.589872547751343,early_paid,11,0,0.38679461546915944,B,181.85008193932555
INV-00000060,SUP-0078,ANC-024,60623.2769631389,2021-10-17,2021-12-16,2021-11-14,60,177.52003165804965,82.55662719997581,early_paid,28,0,0.13029878518258,A,177.52003165804965
INV-00000061,SUP-0565,ANC-030,118244.90968778297,2021-05-11,2021-06-10,2021-06-10,30,175.41401195953816,164.797974263477,paid_on_time,0,0,0.20769735626972963,BB,175.41401195953816
INV-00000062,SUP-0470,ANC-017,145484.0914752598,2021-01-13,2021-03-14,2021-02-27,60,64.81983283510104,116.26341151552876,early_paid,45,0,0.3454716074656604,A,64.81983283510104
INV-00000063,SUP-0341,ANC-033,38713.838283241974,2021-07-31,2021-10-29,2021-09-26,90,139.55414512833156,84.3705661798618,early_paid,57,0,0.3964567499057172,BB,139.55414512833156
INV-00000064,SUP-0359,ANC-004,231125.22586546314,2021-06-27,2021-08-26,2021-08-26,60,144.82669949577163,165.07283983056877,late,0,54,0.15182225522296622,BBB,144.82669949577163
INV-00000065,SUP-0207,ANC-050,110642.38438672764,2021-06-27,2021-08-26,2021-08-26,60,167.73691559316563,91.52290992774141,paid_on_time,0,0,0.2830006125628726,A,167.73691559316563
INV-00000066,SUP-0134,ANC-037,15875.874520161531,2021-10-15,2021-11-29,2021-11-26,45,177.38696002537313,32.405279724049535,early_paid,42,0,0.11269881848240636,BBB,177.38696002537313
INV-00000067,SUP-0165,ANC-068,78823.86690963173,2020-01-26,2020-04-25,2020-04-25,90,98.40559548125628,150.88393941309857,paid_on_time,0,0,0.24007036160651457,BBB,98.40559548125628
INV-00000068,SUP-0386,ANC-075,123751.604770141,2020-07-01,2020-08-15,2020-08-04,45,258.5877010384708,298.0881811587111,early_paid,34,0,0.5976916711983142,BB,258.5877010384708
INV-00000069,SUP-0147,ANC-009,154146.03518225404,2021-05-25,2021-08-23,2021-07-28,90,176.16474388875773,476.14416323242466,early_paid,64,0,0.4955364728972852,BBB,176.16474388875773
INV-00000070,SUP-0478,ANC-064,406374.05642884073,2021-01-06,2021-02-05,2021-01-28,30,189.22145240042306,463.47483886492273,early_paid,22,0,0.396837644897615,CCC,189.22145240042306
INV-00000071,SUP-0328,ANC-028,216163.7727353844,2021-02-06,2021-04-07,2021-03-28,60,230.89163539130504,683.704205468867,early_paid,50,0,0.46583418666839543,A,230.89163539130504
INV-00000072,SUP-0092,ANC-069,774482.2937479116,2022-06-17,2022-08-01,2022-07-01,45,148.2833732174046,440.4931118348779,early_paid,14,0,0.08253653653153736,BBB,148.2833732174046
INV-00000073,SUP-0103,ANC-079,360341.5236410707,2020-07-20,2020-09-03,2020-09-03,45,144.93058279609912,586.631448795705,paid_on_time,0,0,0.17925100252302772,CCC,144.93058279609912
INV-00000074,SUP-0227,ANC-038,50895.92140699586,2021-02-06,2021-03-23,2021-03-23,45,136.70081271903166,11.437009019868977,paid_on_time,0,0,0.45292194728496377,BBB,136.70081271903166
INV-00000075,SUP-0086,ANC-027,43019.49436351263,2021-04-30,2021-05-30,2021-05-29,30,195.8837578267068,66.95281815237286,early_paid,29,0,0.4819066557194985,BBB,195.8837578267068
INV-00000076,SUP-0257,ANC-054,117171.13826481135,2021-08-23,2021-10-22,2021-10-20,60,148.06793570953465,275.6873251838934,early_paid,58,0,0.40754927242658034,BBB,148.06793570953465
INV-00000077,SUP-0471,ANC-022,432190.4130214883,2022-05-10,2022-08-08,2022-08-08,90,121.39838663229636,632.4815424069034,paid_on_time,0,0,0.3700913608353308,B,121.39838663229636
INV-00000078,SUP-0067,ANC-068,12167.935915309288,2022-05-28,2022-08-26,2022-08-26,90,118.74837446949512,9.104991792771294,paid_on_time,0,0,0.1440066091602192,BBB,118.74837446949512
INV-00000079,SUP-0060,ANC-061,289115.38776065514,2022-05-02,2022-07-01,2022-06-26,60,214.93538782455946,936.3731615592155,early_paid,55,0,0.21130023160209593,CCC,214.93538782455946
INV-00000080,SUP-0286,ANC-069,195417.12760588934,2020-10-24,2020-12-23,2020-10-29,60,130.61062511157988,34.96377149878709,early_paid,5,0,0.5309571038165168,AA,130.61062511157988
INV-00000081,SUP-0541,ANC-026,64411.97762900475,2021-11-17,2022-01-16,2022-01-16,60,148.22042534592453,41.85061138210744,late,0,58,0.279118837828876,BBB,148.22042534592453
INV-00000082,SUP-0181,ANC-007,134175.50273232211,2021-03-29,2021-05-13,2021-05-13,45,305.4306292682338,134.73306815971978,late,0,44,0.5925449059820834,BB,305.4306292682338
INV-00000083,SUP-0089,ANC-077,46062.18372229175,2020-05-02,2020-06-16,2020-06-16,45,212.6935690178883,42.946324395186465,paid_on_time,0,0,0.493621283880647,CCC,212.6935690178883
INV-00000084,SUP-0443,ANC-016,220711.73188457463,2020-08-30,2020-11-28,2020-10-19,90,124.53327219978281,376.51992033516734,early_paid,50,0,0.20638449323303212,BB,124.53327219978281
INV-00000085,SUP-0018,ANC-054,55897.291751566234,2021-02-12,2021-03-29,2021-03-29,45,166.88372561302702,56.22566098135709,paid_on_time,0,0,0.32980668328226576,BBB,166.88372561302702
INV-00000086,SUP-0474,ANC-067,108609.55941752065,2022-02-27,2022-04-28,2022-04-23,60,146.52265776399372,239.79640321746123,early_paid,55,0,0.10481787849560055,AAA,146.52265776399372
INV-00000087,SUP-0161,ANC-015,45727.20942397216,2021-05-26,2021-07-10,2021-06-03,45,171.99316969557844,17.23784699213698,early_paid,8,0,0.12104650813056424,BBB,171.99316969557844
INV-00000088,SUP-0055,ANC-074,406157.995425617,2020-02-04,2020-05-04,2020-03-12,90,149.75521716674797,616.5748810772736,early_paid,37,0,0.13140988010284013,A,149.75521716674797
INV-00000089,SUP-0351,ANC-048,99274.49172080346,2020-04-24,2020-07-23,2020-07-03,90,195.6620351718737,372.5198455759455,early_paid,70,0,0.4545543388591257,A,195.6620351718737
INV-00000090,SUP-0154,ANC-073,49146.971932407025,2021-07-05,2021-10-03,2021-10-03,90,190.65170234053517,97.55020460938196,paid_on_time,0,0,0.1747282397619118,AA,190.65170234053517
INV-00000091,SUP-0556,ANC-062,20153.477083669044,2020-09-16,2020-11-15,2020-10-11,60,165.02442525538143,22.779561456369755,early_paid,25,0,0.18669550630056828,AAA,165.02442525538143
INV-00000092,SUP-0142,ANC-005,123981.00658972567,2020-06-25,2020-08-24,2020-08-24,60,245.16457066547082,274.810892682471,paid_on_time,0,0,0.4568557950168018,B,245.16457066547082
INV-00000093,SUP-0018,ANC-022,12639.82506404266,2021-11-01,2021-12-01,2021-11-17,30,151.99525223564473,8.421669693473262,early_paid,16,0,0.27528748535290437,B,151.99525223564473
INV-00000094,SUP-0047,ANC-049,150767.65897296506,2021-08-12,2021-09-26,2021-08-30,45,22.512881611373448,16.738591844131832,early_paid,18,0,0.33342225110803025,BBB,22.512881611373448
INV-00000095,SUP-0383,ANC-043,16400.360424250724,2022-01-21,2022-02-20,2022-02-11,30,62.94905788977596,5.939762189848312,early_paid,21,0,0.20709730629099748,BBB,62.94905788977596
INV-00000096,SUP-0110,ANC-051,68472.62453206078,2020-12-19,2021-03-19,2021-03-04,90,144.92702872585375,203.90823333888846,early_paid,75,0,0.42795034200019205,BBB,144.92702872585375
INV-00000097,SUP-0187,ANC-074,122474.24024549991,2020-02-16,2020-04-01,2020-03-28,45,107.72969695650754,148.20784226073272,early_paid,41,0,0.15380999685778432,A,107.72969695650754
INV-00000098,SUP-0064,ANC-056,6234.596456211874,2021-08-08,2021-11-06,2021-11-06,90,182.02391021078577,3.73099931686354,paid_on_time,0,0,0.2791563761303434,BB,182.02391021078577
INV-00000099,SUP-0022,ANC-035,424398.0057715582,2021-09-23,2021-12-22,2021-12-21,90,168.76208041812475,1746.406532536636,early_paid,89,0,0.6025889404408823,B,168.76208041812475
INV-00000100,SUP-0135,ANC-022,63820.35376206314,2020-12-07,2021-01-21,2020-12-28,45,243.84424687990258,89.53609536249428,early_paid,21,0,0.5776325511649563,B,243.84424687990258
INV-00000101,SUP-0587,ANC-018,183286.08001007876,2022-05-03,2022-07-02,2022-07-02,60,85.08369791191322,222.17046248709246,late,0,49,0.39866263490015724,BBB,85.08369791191322
INV-00000102,SUP-0536,ANC-069,51088.810801480235,2021-07-20,2021-08-19,2021-08-13,30,167.26126043181364,56.187477623789846,early_paid,24,0,0.24902730439617787,BBB,167.26126043181364
INV-00000103,SUP-0275,ANC-068,408158.9126001534,2022-05-05,2022-06-19,2022-06-19,45,195.74909670835066,612.9064867776425,paid_on_time,0,0,0.41328023291191895,BBB,195.74909670835066
INV-00000104,SUP-0565,ANC-026,245011.81364911143,2020-07-04,2020-09-02,2020-08-26,60,175.02991128225912,622.7049283078894,early_paid,53,0,0.1516370467401323,BBB,175.02991128225912
INV-00000105,SUP-0440,ANC-034,34122.909904768545,2022-02-13,2022-04-14,2022-04-14,60,165.86213005024337,29.461444352337455,late,0,33,0.36864083214548715,A,165.86213005024337
INV-00000106,SUP-0259,ANC-019,178914.57784270472,2022-03-20,2022-05-04,2022-03-26,45,273.3684532670346,80.3993447864953,early_paid,6,0,0.36367993565794327,A,273.3684532670346
INV-00000107,SUP-0236,ANC-021,210263.0068651481,2022-06-02,2022-08-01,2022-08-01,60,104.4337589303025,342.91443883347364,late,0,46,0.2650831765387195,BBB,104.4337589303025
INV-00000108,SUP-0334,ANC-063,34276.137314474836,2020-10-16,2020-11-30,2020-11-21,45,154.8952032569824,52.3648036226941,early_paid,36,0,0.36619009966714766,BBB,154.8952032569824
INV-00000109,SUP-0080,ANC-003,215967.31161309255,2021-09-05,2021-11-04,2021-09-29,60,209.17900163534364,297.0465312598083,early_paid,24,0,0.4285366978514684,B,209.17900163534364
INV-00000110,SUP-0472,ANC-050,66918.86080366833,2020-09-04,2020-12-03,2020-10-17,90,144.4605052481811,113.88676575896358,early_paid,43,0,0.14277381343317277,B,144.4605052481811
INV-00000111,SUP-0513,ANC-007,999496.4347644366,2021-06-03,2021-08-02,2021-08-02,60,175.44308499427797,720.6359094076225,paid_on_time,0,0,0.2700939458031289,BBB,175.44308499427797
INV-00000112,SUP-0403,ANC-032,30299.870577431706,2021-10-25,2021-12-24,2021-11-05,60,134.61792753710662,12.292592766997402,early_paid,11,0,0.09589427652161504,BB,134.61792753710662
INV-00000113,SUP-0146,ANC-021,197002.85207957728,2021-03-29,2021-05-28,2021-05-08,60,177.75669172028117,383.76520816575965,early_paid,40,0,0.1399274131344843,B,177.75669172028117
INV-00000114,SUP-0458,ANC-047,134530.1632100092,2021-03-16,2021-04-30,2021-04-30,45,228.2258039448738,260.76736828948555,paid_on_time,0,0,0.24776693028867072,AA,228.2258039448738
INV-00000115,SUP-0310,ANC-016,113829.59630540226,2020-06-17,2020-08-16,2020-07-13,60,58.81451686414361,47.68921931509897,early_paid,26,0,0.5540241221420381,A,58.81451686414361
INV-00000116,SUP-0268,ANC-055,134256.61537604028,2020-03-16,2020-04-30,2020-04-30,45,199.55811955927976,73.40273343242762,paid_on_time,0,0,0.5361497457517336,A,199.55811955927976
INV-00000117,SUP-0080,ANC-006,163755.91292420286,2020-12-24,2021-02-22,2021-02-22,60,178.03474925886874,407.3606541789034,late,0,42,0.21362635816426684,BBB,178.03474925886874
INV-00000118,SUP-0102,ANC-014,2049947.9057175484,2022-02-04,2022-05-05,2022-04-12,90,259.59873614072035,9768.48776083991,early_paid,67,0,0.349736679034585,BBB,259.59873614072035
INV-00000119,SUP-0089,ANC-073,238561.46984302843,2021-09-08,2021-10-23,2021-10-23,45,201.91582006524732,593.8685114711406,early_paid,45,0,0.36615050115013303,BBB,201.91582006524732
INV-00000120,SUP-0182,ANC-017,409530.25037495483,2020-06-18,2020-08-02,2020-07-26,45,228.73522999773522,975.2361228495135,early_paid,38,0,0.4033052331343266,BB,228.73522999773522
INV-00000121,SUP-0582,ANC-027,11329.179689099798,2022-02-16,2022-05-17,2022-05-17,90,142.47715639663429,33.167451501563924,late,0,47,0.24767657235648766,A,142.47715639663429
INV-00000122,SUP-0078,ANC-073,246947.4742110316,2022-02-22,2022-03-24,2022-03-13,30,191.63420345365938,246.34193638113933,early_paid,19,0,0.34518467785392615,B,191.63420345365938
INV-00000123,SUP-0229,ANC-009,35298.32841312731,2022-02-04,2022-04-05,2022-04-05,60,239.0546211741194,46.23686864043728,paid_on_time,0,0,0.5219854302823072,AA,239.0546211741194
INV-00000124,SUP-0095,ANC-022,77291.60366972847,2020-10-07,2020-11-21,2020-11-09,45,218.20955194684547,152.4850095339211,early_paid,33,0,0.23789193517634064,CCC,218.20955194684547
INV-00000125,SUP-0570,ANC-071,180733.64912260554,2020-09-10,2020-12-09,2020-11-19,90,138.99104615789662,481.76030896546877,early_paid,70,0,0.5411944557573689,B,138.99104615789662
INV-00000126,SUP-0224,ANC-077,484947.9262775273,2021-08-07,2021-10-06,2021-09-08,60,150.06860300051798,638.0314110638177,early_paid,32,0,0.18060110650208985,BB,150.06860300051798
INV-00000127,SUP-0078,ANC-048,5000000.0,2020-11-18,2021-02-16,2021-02-16,90,139.65078451741434,2104.3268899884356,late,0,8,0.06852802312164051,BBB,139.65078451741434
INV-00000128,SUP-0318,ANC-040,33638.18390761881,2022-02-11,2022-03-13,2022-02-22,30,162.10266385107602,16.43321408326342,early_paid,11,0,0.33336009859132437,BB,162.10266385107602
INV-00000129,SUP-0272,ANC-072,58361.24857156035,2020-06-26,2020-09-24,2020-07-23,90,134.67656687834875,58.14167126068369,early_paid,27,0,0.26268210585239393,BBB,134.67656687834875
INV-00000130,SUP-0115,ANC-052,819930.7082861024,2021-02-06,2021-04-07,2021-02-27,60,138.74199018392807,654.5027901071682,early_paid,21,0,0.4525493405171195,BBB,138.74199018392807
INV-00000131,SUP-0140,ANC-025,102288.70941695587,2021-10-03,2021-11-02,2021-10-31,30,179.66692224347378,140.98113228318954,early_paid,28,0,0.551026682393791,B,179.66692224347378
INV-00000132,SUP-0289,ANC-079,27058.589926752495,2022-01-16,2022-03-17,2022-03-17,60,182.64999441361758,58.223782426124274,paid_on_time,0,0,0.5582272532848189,BBB,182.64999441361758
INV-00000133,SUP-0214,ANC-047,19512.03784305344,2020-11-25,2021-01-24,2021-01-24,60,190.87688917537483,55.10066920206259,paid_on_time,0,0,0.24393477171267408,AA,190.87688917537483
INV-00000134,SUP-0555,ANC-062,205221.2148739995,2020-09-27,2020-11-26,2020-10-07,60,249.89442342073966,140.50311551956665,early_paid,10,0,0.12929442493001791,AA,249.89442342073966
INV-00000135,SUP-0329,ANC-004,170708.62917997933,2021-06-23,2021-08-22,2021-08-05,60,110.58857105636186,222.40334378744757,early_paid,43,0,0.17436615734411148,BBB,110.58857105636186
INV-00000136,SUP-0595,ANC-077,147045.23801183974,2021-05-18,2021-07-02,2021-06-06,45,198.4487801866853,151.9008258078076,early_paid,19,0,0.35375958493137255,B,198.4487801866853
INV-00000137,SUP-0480,ANC-042,5445.2624085031275,2020-07-05,2020-08-19,2020-08-18,45,159.3435894103481,10.459555322710557,early_paid,44,0,0.3816265093369231,B,159.3435894103481
INV-00000138,SUP-0313,ANC-052,23455.12020630571,2021-08-12,2021-09-26,2021-09-26,45,183.32499116210576,28.273378879082443,paid_on_time,0,0,0.3123643716893816,B,183.32499116210576
INV-00000139,SUP-0189,ANC-013,736232.8833484515,2021-08-23,2021-10-22,2021-09-11,60,205.95146252711447,789.2976829142995,early_paid,19,0,0.2882831937291039,B,205.95146252711447
INV-00000140,SUP-0457,ANC-031,220447.17354497762,2020-02-15,2020-04-15,2020-04-01,60,154.72775837367342,429.87059235934834,early_paid,46,0,0.1566136693957453,BB,154.72775837367342
INV-00000141,SUP-0373,ANC-012,90113.4835419779,2021-12-09,2022-02-07,2022-01-13,60,119.81126935533918,103.52914512927515,early_paid,35,0,0.1848626432684227,AA,119.81126935533918
INV-00000142,SUP-0087,ANC-037,106729.62279789348,2020-07-19,2020-09-02,2020-08-20,45,176.1455633651613,164.82147537960424,early_paid,32,0,0.4210925933765888,CCC,176.1455633651613
INV-00000143,SUP-0152,ANC-011,291650.6423020418,2022-05-04,2022-06-03,2022-06-02,30,202.49103724324098,469.21714824644914,early_paid,29,0,0.5836375934216544,BB,202.49103724324098
INV-00000144,SUP-0175,ANC-049,1176818.9930790393,2022-01-29,2022-04-29,2022-03-26,90,237.88592607127458,4295.102974045161,early_paid,56,0,0.3143437114812841,BBB,237.88592607127458
INV-00000145,SUP-0366,ANC-011,11531.08804744253,2020-10-06,2020-11-20,2020-10-12,45,137.49638362310003,2.606273269747235,early_paid,6,0,0.2665155003367888,AA,137.49638362310003
INV-00000146,SUP-0083,ANC-073,274365.6273154363,2020-07-30,2020-09-28,2020-08-05,60,165.47870647540358,74.63288072789763,early_paid,6,0,0.26802459347218055,BBB,165.47870647540358
INV-00000147,SUP-0267,ANC-006,97116.53694018051,2022-04-04,2022-06-03,2022-04-21,60,122.79760154028405,55.54425279577906,early_paid,17,0,0.20967189176358136,B,122.79760154028405
INV-00000148,SUP-0523,ANC-020,113335.58096171873,2021-03-17,2021-06-15,2021-06-15,90,204.82402532802524,438.83716259654733,paid_on_time,0,0,0.27170401337293326,B,204.82402532802524
INV-00000149,SUP-0005,ANC-016,89397.24179108642,2021-12-03,2022-02-01,2022-02-01,60,147.8178786529753,166.5390381899543,late,0,39,0.26959000406814365,A,147.8178786529753
INV-00000150,SUP-0165,ANC-032,115043.42072823737,2022-05-17,2022-08-15,2022-08-15,90,201.56004424526998,565.4098549363987,paid_on_time,0,0,0.4611581437910386,A,201.56004424526998
INV-00000151,SUP-0051,ANC-003,206846.15389232375,2021-07-09,2021-09-07,2021-09-07,60,144.71733220906188,369.0520713986567,paid_on_time,0,0,0.07536737421641496,BBB,144.71733220906188
INV-00000152,SUP-0513,ANC-053,90517.86458352029,2021-05-21,2021-07-05,2021-06-18,45,185.0490881066422,128.49505544086213,early_paid,28,0,0.577338645941212,B,185.0490881066422
INV-00000153,SUP-0220,ANC-032,104943.8657504161,2021-03-23,2021-05-07,2021-05-07,45,163.06251338603582,168.77993931329988,late,0,34,0.37023867255688037,A,163.06251338603582
INV-00000154,SUP-0051,ANC-006,271646.9003054774,2022-01-30,2022-03-31,2022-03-23,60,120.52977692409154,466.4548206544894,early_paid,52,0,0.40743001626464664,A,120.52977692409154
INV-00000155,SUP-0490,ANC-020,133624.9964584819,2022-05-17,2022-07-16,2022-05-29,60,220.69769539141075,96.95582059749823,early_paid,12,0,0.4923344739859296,BBB,220.69769539141075
INV-00000156,SUP-0133,ANC-044,90553.22562706079,2021-07-02,2021-09-30,2021-08-31,90,190.97980700053168,284.2822611539452,early_paid,60,0,0.29962662277226254,B,190.97980700053168
INV-00000157,SUP-0469,ANC-032,120082.60490276397,2020-02-06,2020-04-06,2020-04-06,60,118.41093496961162,93.49540944738244,defaulted,0,0,0.4483490069515205,BBB,118.41093496961162
INV-00000158,SUP-0194,ANC-033,437860.1928552354,2020-01-29,2020-03-29,2020-02-10,60,141.71284474279193,204.00135954786708,early_paid,12,0,0.3701128284366269,A,141.71284474279193
INV-00000159,SUP-0484,ANC-020,37608.40407670417,2022-01-20,2022-04-20,2022-04-20,90,119.14579470822193,42.96737306847666,paid_on_time,0,0,0.3398062424820739,BB,119.14579470822193
INV-00000160,SUP-0431,ANC-000,236507.31982187202,2021-10-06,2022-01-04,2021-11-05,90,88.02094903103794,171.1035513165073,early_paid,30,0,0.4120430889074988,A,88.02094903103794
INV-00000161,SUP-0541,ANC-003,165300.00668317382,2022-04-16,2022-07-15,2022-07-15,90,123.57733427697657,263.0369059035706,late,0,24,0.22651620050986382,B,123.57733427697657
INV-00000162,SUP-0581,ANC-055,217475.9122557533,2020-11-29,2020-12-29,2020-12-10,30,201.74050982423728,132.2221138472971,early_paid,11,0,0.37758938983564166,BB,201.74050982423728
INV-00000163,SUP-0134,ANC-047,290995.03488135734,2021-07-10,2021-08-24,2021-07-21,45,149.3212400189237,130.9504476510073,early_paid,11,0,0.2450772099180283,BB,149.3212400189237
INV-00000164,SUP-0507,ANC-039,34447.915508662154,2020-02-27,2020-04-27,2020-04-03,60,192.33422397074523,65.34752643387947,early_paid,36,0,0.4257813280147967,BBB,192.33422397074523
INV-00000165,SUP-0060,ANC-046,155893.92033658727,2021-04-30,2021-07-29,2021-07-11,90,173.38581808120193,533.1904749654886,early_paid,72,0,0.15463170175645555,B,173.38581808120193
INV-00000166,SUP-0010,ANC-078,740815.3968988585,2022-04-08,2022-07-07,2022-07-07,90,167.85404231918204,306.613624886538,paid_on_time,0,0,0.3523828636389894,A,167.85404231918204
INV-00000167,SUP-0353,ANC-031,161363.5651737162,2021-03-28,2021-06-26,2021-06-26,90,188.17436911528765,307.8043895249406,paid_on_time,0,0,0.36959769284706695,BBB,188.17436911528765
INV-00000168,SUP-0042,ANC-019,151969.96105059076,2021-12-20,2022-02-18,2022-02-12,60,251.93597001659847,566.4333632153218,early_paid,54,0,0.4073632488388807,CCC,251.93597001659847
INV-00000169,SUP-0433,ANC-075,107021.30732628312,2021-02-13,2021-03-15,2021-03-15,30,96.44243472672844,70.69448935742605,paid_on_time,0,0,0.31462640922954477,BBB,96.44243472672844
INV-00000170,SUP-0085,ANC-029,33281.086575919886,2021-09-04,2021-12-03,2021-10-01,90,270.9802462131898,66.71231779008271,early_paid,27,0,0.33830455506217355,A,270.9802462131898
INV-00000171,SUP-0433,ANC-049,26942.80503505711,2022-04-28,2022-07-27,2022-07-27,90,209.6560574151,82.02254268650692,paid_on_time,0,0,0.12438855222281256,BBB,209.6560574151
INV-00000172,SUP-0044,ANC-054,55440.13407346932,2022-03-30,2022-05-14,2022-05-12,45,142.68178811074915,93.18980572498569,early_paid,43,0,0.40450952323881617,B,142.68178811074915
INV-00000173,SUP-0505,ANC-061,292866.8347177802,2020-10-02,2020-11-16,2020-10-30,45,165.60474885097142,372.05585783180123,early_paid,28,0,0.5607418940518929,A,165.60474885097142
INV-00000174,SUP-0496,ANC-032,1459101.44815563,2020-01-09,2020-04-08,2020-01-18,90,219.48902084809006,789.6741735790096,early_paid,9,0,0.4716025766106682,B,219.48902084809006
INV-00000175,SUP-0286,ANC-068,37626.82105549672,2020-03-05,2020-06-03,2020-04-27,90,250.90970243277428,137.08754168489702,early_paid,53,0,0.4112323878278455,BB,250.90970243277428
INV-00000176,SUP-0199,ANC-054,4882.584448284356,2020-12-14,2021-02-12,2021-02-01,60,164.74787827574323,10.798733147806141,early_paid,49,0,0.30403477481526925,AA,164.74787827574323
INV-00000177,SUP-0532,ANC-067,52389.68987715192,2021-10-15,2021-12-14,2021-11-15,60,262.3098005895065,116.71567184747289,early_paid,31,0,0.2990222707172453,BB,262.3098005895065
INV-00000178,SUP-0108,ANC-031,2442561.075934417,2022-03-31,2022-06-29,2022-06-29,90,249.43498969137787,5341.4592595836675,paid_on_time,0,0,0.34450335249725006,BB,249.43498969137787
INV-00000179,SUP-0357,ANC-033,1037420.934404151,2021-08-29,2021-10-28,2021-10-25,60,173.4604286837704,2810.2011946339494,early_paid,57,0,0.4129767160532772,AAA,173.4604286837704
INV-00000180,SUP-0310,ANC-054,39118.44302723889,2020-04-02,2020-05-17,2020-05-11,45,178.67490124502586,74.68215721788825,early_paid,39,0,0.4185521025261979,BBB,178.67490124502586
INV-00000181,SUP-0541,ANC-026,50768.39055577746,2021-10-30,2021-12-29,2021-12-14,60,82.46697795546463,51.61704342901297,early_paid,45,0,0.3575518702738014,BBB,82.46697795546463
INV-00000182,SUP-0502,ANC-017,117106.32980681586,2020-12-16,2021-03-16,2021-01-20,90,96.57417672126827,108.44675579396976,early_paid,35,0,0.17301470259685436,BBB,96.57417672126827
INV-00000183,SUP-0457,ANC-026,226688.38809895987,2021-07-27,2021-10-25,2021-09-07,90,187.73658004205333,489.7050723593606,early_paid,42,0,0.39039672373923295,A,187.73658004205333
INV-00000184,SUP-0127,ANC-042,159123.05404217422,2020-02-05,2020-05-05,2020-02-12,90,165.80431086327656,50.59808718505707,early_paid,7,0,0.3630102856254249,CCC,165.80431086327656
INV-00000185,SUP-0479,ANC-071,497447.29649068497,2021-07-17,2021-10-15,2021-10-15,90,136.30413789903045,1523.2707511413778,late,0,2,0.31142720698003895,AA,136.30413789903045
INV-00000186,SUP-0127,ANC-012,234003.3124850188,2020-11-18,2021-01-17,2021-01-17,60,196.57274334836973,151.22851426121412,paid_on_time,0,0,0.578311731542108,AAA,196.57274334836973
INV-00000187,SUP-0227,ANC-004,845884.7754098913,2021-12-22,2022-02-05,2022-02-05,45,168.13565827934684,545.5143861885681,paid_on_time,0,0,0.384179782771477,B,168.13565827934684
INV-00000188,SUP-0226,ANC-000,141365.22634283168,2021-11-04,2022-01-03,2022-01-03,60,226.4015600881625,359.5116765028946,paid_on_time,0,0,0.47953949669647844,CCC,226.4015600881625
INV-00000189,SUP-0451,ANC-057,405382.2772630382,2021-10-07,2022-01-05,2021-11-28,90,143.71048441776864,829.9724764033341,early_paid,52,0,0.40078925773245333,BBB,143.71048441776864
INV-00000190,SUP-0402,ANC-039,64567.3555835064,2022-02-05,2022-05-06,2022-04-02,90,159.73750209271603,158.23955437477363,early_paid,56,0,0.25768969331189845,A,159.73750209271603
INV-00000191,SUP-0317,ANC-056,92485.23499285808,2022-01-27,2022-04-27,2022-04-27,90,270.1089416646487,150.57094705687643,defaulted,0,0,0.607809018768894,CCC,270.1089416646487
INV-00000192,SUP-0443,ANC-069,134290.2911724945,2022-05-31,2022-07-15,2022-06-28,45,62.17127081024612,64.04710840296298,early_paid,28,0,0.2299437306013693,BBB,62.17127081024612
INV-00000193,SUP-0085,ANC-011,130701.49892223673,2020-05-09,2020-08-07,2020-07-14,90,166.12783299020205,392.6214651447889,early_paid,66,0,0.2003112140626056,BBB,166.12783299020205
INV-00000194,SUP-0206,ANC-043,19230.963559603006,2020-05-17,2020-06-16,2020-05-30,30,122.85940969935888,8.41511309629457,early_paid,13,0,0.38822447523919956,BBB,122.85940969935888
INV-00000195,SUP-0384,ANC-022,15953.992584343707,2020-06-30,2020-08-29,2020-07-26,60,233.0176376170536,26.481261157988442,early_paid,26,0,0.3435347799616308,B,233.0176376170536
INV-00000196,SUP-0425,ANC-058,237161.09719157306,2022-01-21,2022-03-22,2022-03-22,60,171.4181888521458,456.6582892102614,paid_on_time,0,0,0.37898534160994224,A,171.4181888521458
INV-00000197,SUP-0549,ANC-032,2751349.1174643096,2022-02-27,2022-05-28,2022-05-11,90,103.53544818777318,5697.243279954029,early_paid,73,0,0.22354457677015244,BB,103.53544818777318
INV-00000198,SUP-0539,ANC-052,379528.33019206225,2021-05-22,2021-07-06,2021-06-25,45,156.70760622397432,554.0134761730758,early_paid,34,0,0.4718685881496074,BB,156.70760622397432
INV-00000199,SUP-0299,ANC-051,310146.7454094656,2021-05-12,2021-06-26,2021-06-26,45,130.96164193472976,200.3046263977129,paid_on_time,0,0,0.14946584993730783,BB,130.96164193472976
INV-00000200,SUP-0381,ANC-001,165861.66047984138,2022-06-04,2022-07-04,2022-07-04,30,186.30004906506255,84.65763146686902,paid_on_time,0,0,0.5260077423991335,BB,186.30004906506255
INV-00000201,SUP-0469,ANC-063,104247.23279154883,2022-06-13,2022-07-13,2022-06-25,30,107.01477367034813,36.677240623389665,early_paid,12,0,0.09640963773346556,AA,107.01477367034813
INV-00000202,SUP-0075,ANC-046,71110.0779602823,2021-05-23,2021-07-07,2021-07-07,45,153.58350257692908,20.94502572372891,late,0,52,0.238401418382325,A,153.58350257692908
INV-00000203,SUP-0109,ANC-022,114319.66326023807,2020-11-27,2021-02-25,2021-02-08,90,134.33518918447373,307.1430718313883,early_paid,73,0,0.12758780307720427,BBB,134.33518918447373
INV-00000204,SUP-0574,ANC-007,98486.41656824166,2020-07-30,2020-08-29,2020-08-05,30,157.4125670570586,25.484382990012737,early_paid,6,0,0.4053127522655257,CCC,157.4125670570586
INV-00000205,SUP-0554,ANC-004,37249.056309097374,2020-11-11,2021-01-10,2020-12-30,60,223.37263970908322,111.69878950337883,early_paid,49,0,0.6399254812280489,BB,223.37263970908322
INV-00000206,SUP-0203,ANC-001,584358.8116375356,2022-04-25,2022-07-24,2022-06-07,90,240.1669446877694,1653.3637881839984,early_paid,43,0,0.2025680355793603,BB,240.1669446877694
INV-00000207,SUP-0311,ANC-065,145429.77450671548,2021-04-18,2021-06-02,2021-06-02,45,155.93797682709953,55.91841733232509,late,0,52,0.5103782326717798,AA,155.93797682709953
INV-00000208,SUP-0260,ANC-012,44744.521053305325,2022-02-20,2022-04-21,2022-03-27,60,145.91353535444472,62.60523120877279,early_paid,35,0,0.3984863905763898,BBB,145.91353535444472
INV-00000209,SUP-0402,ANC-033,99912.0140053409,2021-05-20,2021-07-19,2021-07-19,60,151.91540126929652,20.792018766088955,late,0,56,0.17630815063817412,AA,151.91540126929652
INV-00000210,SUP-0166,ANC-058,36075.29456569397,2022-01-10,2022-04-10,2022-02-20,90,162.0296389263514,65.65916302966784,early_paid,41,0,0.1752498367551698,BBB,162.0296389263514
INV-00000211,SUP-0226,ANC-006,298893.13595227076,2021-05-21,2021-06-20,2021-05-26,30,145.87421412355081,59.72712508761798,early_paid,5,0,0.3247143811410911,BBB,145.87421412355081
INV-00000212,SUP-0212,ANC-068,267125.4985359769,2022-02-08,2022-03-10,2022-03-10,30,105.28324831815392,130.98774885097444,paid_on_time,0,0,0.29004657858905813,A,105.28324831815392
INV-00000213,SUP-0451,ANC-021,55648.524682855284,2022-02-25,2022-05-26,2022-05-08,90,104.51659128925327,114.73040436416694,early_paid,72,0,0.2610426064417119,AA,104.51659128925327
INV-00000214,SUP-0452,ANC-052,49500.55854040907,2022-03-02,2022-05-31,2022-05-31,90,167.0022070774953,49.826700167664555,late,0,17,0.5494801375254786,BB,167.0022070774953
INV-00000215,SUP-0326,ANC-028,24291.72982866809,2020-08-18,2020-10-02,2020-09-24,45,194.00789786089734,47.77346171512214,early_paid,37,0,0.12490991738634206,BBB,194.00789786089734
INV-00000216,SUP-0401,ANC-041,163256.96000209567,2020-12-05,2021-01-19,2020-12-14,45,166.18573397562636,66.89830123868485,early_paid,9,0,0.4281426494555118,BB,166.18573397562636
INV-00000217,SUP-0269,ANC-008,150787.0306364609,2021-01-16,2021-03-17,2021-03-17,60,125.06992087979766,155.00483828549415,late,0,39,0.3827106430890213,A,125.06992087979766
INV-00000218,SUP-0562,ANC-027,161837.36113388717,2021-06-18,2021-08-17,2021-08-17,60,154.65037875252114,212.56835207276438,paid_on_time,0,0,0.5914472634267136,BB,154.65037875252114
INV-00000219,SUP-0049,ANC-041,23030.826416497617,2020-06-17,2020-08-16,2020-08-16,60,192.7716640043573,72.98121750745898,paid_on_time,0,0,0.5655972413613848,B,192.7716640043573
INV-00000220,SUP-0209,ANC-037,51089.29605520655,2020-07-09,2020-10-07,2020-10-07,90,154.08503393492742,21.567386072268643,paid_on_time,0,0,0.27024489700058335,A,154.08503393492742
INV-00000221,SUP-0485,ANC-071,214234.53530843745,2021-11-21,2021-12-21,2021-12-19,30,113.66855725711098,186.80779594751104,early_paid,28,0,0.051348384788231394,A,113.66855725711098
INV-00000222,SUP-0423,ANC-078,222906.82646769407,2020-06-03,2020-07-03,2020-06-15,30,235.29778088739147,172.4366518767099,early_paid,12,0,0.5459764085296663,A,235.29778088739147
INV-00000223,SUP-0028,ANC-006,74064.50138177103,2020-06-01,2020-07-31,2020-06-26,60,220.17006855125553,111.6903174413636,early_paid,25,0,0.07166106880703062,BB,220.17006855125553
INV-00000224,SUP-0552,ANC-060,31155.505243965286,2022-01-14,2022-04-14,2022-04-14,90,137.64412576771386,54.04523972033514,paid_on_time,0,0,0.14914264966882068,BBB,137.64412576771386
INV-00000225,SUP-0388,ANC-045,113256.21686337997,2020-03-18,2020-05-17,2020-05-07,60,176.03680631146847,273.11318782943135,early_paid,50,0,0.3632575752950592,CCC,176.03680631146847
INV-00000226,SUP-0540,ANC-079,328289.2584162664,2021-02-09,2021-05-10,2021-05-10,90,129.6615097117629,139.94459463586247,paid_on_time,0,0,0.1989802761036737,AAA,129.6615097117629
INV-00000227,SUP-0575,ANC-011,119289.70790078936,2021-01-27,2021-03-28,2021-03-18,60,168.51949430591907,275.3786472786551,early_paid,50,0,0.2819228826425934,BBB,168.51949430591907
INV-00000228,SUP-0191,ANC-014,64252.05507259676,2022-01-06,2022-02-20,2022-01-29,45,120.19493713973166,48.664040978804096,early_paid,23,0,0.24238151343700906,A,120.19493713973166
INV-00000229,SUP-0303,ANC-021,59137.503235113836,2021-02-19,2021-04-20,2021-04-20,60,134.1419823677314,80.41490709609398,paid_on_time,0,0,0.41343208127293773,AA,134.1419823677314
INV-00000230,SUP-0355,ANC-041,38121.954738525514,2022-04-17,2022-07-16,2022-07-16,90,120.9062086205853,56.82551933392614,paid_on_time,0,0,0.30386398100740275,B,120.9062086205853
INV-00000231,SUP-0075,ANC-063,12952.75414431352,2021-01-01,2021-04-01,2021-03-20,90,166.27848765633186,46.02564955283767,early_paid,78,0,0.2816600188684937,B,166.27848765633186
INV-00000232,SUP-0100,ANC-020,119433.55240883828,2020-02-23,2020-05-23,2020-02-28,90,154.48594715519238,25.275075980806424,early_paid,5,0,0.580538234253826,BBB,154.48594715519238
INV-00000233,SUP-0093,ANC-020,36382.10939097499,2020-12-09,2021-02-07,2021-01-25,60,159.40300453917473,74.67743144507779,early_paid,47,0,0.3833395302621973,BBB,159.40300453917473
INV-00000234,SUP-0297,ANC-002,559070.0376890616,2020-01-18,2020-03-03,2020-02-27,45,127.01223178055899,778.1778981756596,early_paid,40,0,0.3156427537496084,BB,127.01223178055899
INV-00000235,SUP-0342,ANC-064,155411.25042927312,2020-04-15,2020-06-14,2020-04-28,60,147.82541599708867,81.824253613522,early_paid,13,0,0.1570004851624283,A,147.82541599708867
INV-00000236,SUP-0309,ANC-054,262640.19972851255,2022-02-04,2022-04-05,2022-03-19,60,153.6586964826877,475.4380497457938,early_paid,43,0,0.41639054073045584,BBB,153.6586964826877
INV-00000237,SUP-0142,ANC-035,99317.03162056749,2020-02-13,2020-04-13,2020-04-13,60,197.11093475505334,160.9025173136486,paid_on_time,0,0,0.18775291507852565,BBB,197.11093475505334
INV-00000238,SUP-0448,ANC-032,120852.12032703088,2020-03-20,2020-04-19,2020-04-02,30,122.0485410662839,52.53362318324779,early_paid,13,0,0.16555263549517957,B,122.0485410662839
INV-00000239,SUP-0133,ANC-008,219558.84587415017,2021-11-23,2022-01-07,2021-12-21,45,206.2756198264207,347.4273524903532,early_paid,28,0,0.2707527324188855,BBB,206.2756198264207
INV-00000240,SUP-0354,ANC-052,40836.304993863916,2021-12-23,2022-02-06,2022-01-22,45,189.6988582338797,63.670688480765456,early_paid,30,0,0.18934697455747546,B,189.6988582338797
INV-00000241,SUP-0587,ANC-079,90933.10691772537,2022-02-06,2022-05-07,2022-04-10,90,115.91232301356517,181.9279075850657,early_paid,63,0,0.2011244433168219,A,115.91232301356517
INV-00000242,SUP-0564,ANC-003,478373.4787503404,2020-04-25,2020-05-25,2020-05-07,30,159.65213942402028,251.09046353820142,early_paid,12,0,0.16991186071123568,BB,159.65213942402028
INV-00000243,SUP-0345,ANC-002,309831.37388102256,2020-07-21,2020-10-19,2020-09-29,90,211.72053370334774,1258.0373886381396,early_paid,70,0,0.45818749941923537,A,211.72053370334774
INV-00000244,SUP-0536,ANC-018,16020.28210607134,2021-04-04,2021-05-19,2021-05-19,45,179.6677217735579,19.714572521695434,paid_on_time,0,0,0.26694670097469053,BBB,179.6677217735579
INV-00000245,SUP-0468,ANC-061,13923.266883994625,2020-07-11,2020-08-25,2020-08-25,45,188.3299344331438,10.776032627498095,paid_on_time,0,0,0.4740268500114534,B,188.3299344331438
INV-00000246,SUP-0456,ANC-068,29197.06533781272,2020-07-30,2020-09-28,2020-09-28,60,132.86498628543728,18.06782209770399,paid_on_time,0,0,0.2931392342455554,BBB,132.86498628543728
INV-00000247,SUP-0343,ANC-040,16935.417176375144,2021-09-14,2021-12-13,2021-12-13,90,97.5005203095157,3.6190947646143248,late,0,32,0.36046225899811046,BBB,97.5005203095157
INV-00000248,SUP-0335,ANC-015,153629.97958033107,2022-02-06,2022-05-07,2022-03-02,90,134.29040655017576,135.65610355816673,early_paid,24,0,0.20855023655706917,BBB,134.29040655017576
INV-00000249,SUP-0388,ANC-039,123732.42483364025,2020-10-20,2020-12-19,2020-12-12,60,200.37073924618804,359.99861477531897,early_paid,53,0,0.3168172508492284,CCC,200.37073924618804
INV-00000250,SUP-0103,ANC-026,94075.26589478724,2021-10-01,2021-11-15,2021-11-15,45,114.66816232494642,82.75294797008408,paid_on_time,0,0,0.10913146271281456,BBB,114.66816232494642
INV-00000251,SUP-0041,ANC-015,152398.85064779155,2020-11-16,2021-02-14,2021-02-12,90,78.68331936335663,289.104047775157,early_paid,88,0,0.43628444615537615,BBB,78.68331936335663
INV-00000252,SUP-0348,ANC-008,157641.4010901476,2020-10-03,2020-12-02,2020-12-02,60,248.99092888400196,537.6887518905667,paid_on_time,0,0,0.5543011221317237,BB,248.99092888400196
INV-00000253,SUP-0537,ANC-072,175773.49383698578,2020-06-02,2020-08-01,2020-06-10,60,177.11896413414547,68.23631594662251,early_paid,8,0,0.34599087491875286,A,177.11896413414547
INV-00000254,SUP-0187,ANC-021,246605.88136117026,2020-03-13,2020-04-27,2020-04-27,45,238.4873190406375,612.2932244406035,late,0,1,0.29780144248467727,AA,238.4873190406375
INV-00000255,SUP-0593,ANC-024,380983.7115010027,2021-08-15,2021-09-29,2021-09-08,45,145.1168786529409,363.53205718775706,early_paid,24,0,0.2565188721458713,BBB,145.1168786529409
INV-00000256,SUP-0292,ANC-067,205263.1968402591,2020-01-21,2020-02-20,2020-02-01,30,173.33868867541625,107.22755811226244,early_paid,11,0,0.3756814808957536,AA,173.33868867541625
INV-00000257,SUP-0515,ANC-010,27116.81459602134,2022-06-07,2022-08-06,2022-07-15,60,174.24972920491103,49.19279693417724,early_paid,38,0,0.27113237477722546,B,174.24972920491103
INV-00000258,SUP-0185,ANC-070,481198.99182688753,2021-02-01,2021-03-18,2021-03-18,45,225.7181724927453,1249.8205467675878,paid_on_time,0,0,0.7289507109725293,B,225.7181724927453
INV-00000259,SUP-0280,ANC-059,588843.0759828122,2020-02-16,2020-04-16,2020-02-23,60,173.82943419285456,196.30350988638526,early_paid,7,0,0.31435838823517515,BB,173.82943419285456
INV-00000260,SUP-0144,ANC-028,92341.90437525572,2021-04-10,2021-06-09,2021-05-19,60,162.51603396928965,160.34919524966583,early_paid,39,0,0.2559287957066909,A,162.51603396928965
INV-00000261,SUP-0232,ANC-065,39414.20179503028,2021-10-25,2021-12-24,2021-12-24,60,176.29599114789562,24.748316443795726,paid_on_time,0,0,0.3268761850245411,BBB,176.29599114789562
INV-00000262,SUP-0493,ANC-028,65981.74773192439,2022-03-16,2022-06-14,2022-05-04,90,222.36395190184027,196.966067609312,early_paid,49,0,0.5614122440837059,B,222.36395190184027
INV-00000263,SUP-0169,ANC-047,56926.4529618578,2020-01-27,2020-04-26,2020-04-19,90,135.9517566847863,175.98845380982718,early_paid,83,0,0.17158494094814486,BBB,135.9517566847863
INV-00000264,SUP-0420,ANC-060,1097094.3240950878,2020-06-28,2020-08-12,2020-08-12,45,212.45437959925107,638.5821753081686,late,0,37,0.7354916983860238,BB,212.45437959925107
INV-00000265,SUP-0276,ANC-058,26183.862588624503,2021-05-04,2021-08-02,2021-05-27,90,210.8964943614654,34.79669892109982,early_paid,23,0,0.4145927726613602,BB,210.8964943614654
INV-00000266,SUP-0005,ANC-060,368687.90705369844,2021-01-08,2021-02-07,2021-01-15,30,160.82245454977905,113.71316691133592,early_paid,7,0,0.3524737629936719,A,160.82245454977905
INV-00000267,SUP-0196,ANC-076,744706.1331651054,2020-04-29,2020-06-28,2020-06-28,60,191.10831620538468,1754.6244062918581,paid_on_time,0,0,0.13760520533658374,AA,191.10831620538468
INV-00000268,SUP-0372,ANC-015,531441.3937685011,2020-11-05,2021-02-03,2020-11-23,90,198.44427386614151,520.0841169310704,early_paid,18,0,0.19708366712793474,BB,198.44427386614151
INV-00000269,SUP-0405,ANC-052,135920.72154379086,2021-10-19,2022-01-17,2022-01-02,90,107.81784850089397,301.12355678508163,early_paid,75,0,0.10826152895052474,BB,107.81784850089397
INV-00000270,SUP-0326,ANC-027,55644.86378815746,2021-08-30,2021-09-29,2021-09-14,30,198.16841590193218,45.31666236977241,early_paid,15,0,0.20122081006070675,BBB,198.16841590193218
INV-00000271,SUP-0593,ANC-012,7156.549539297051,2022-04-01,2022-05-31,2022-05-31,60,100.81798035679819,2.9651049488026153,paid_on_time,0,0,0.4625577007446909,AA,100.81798035679819
INV-00000272,SUP-0425,ANC-069,129855.74976153826,2020-10-20,2021-01-18,2020-12-03,90,232.64859703775045,364.18447999164687,early_paid,44,0,0.5677495673739151,B,232.64859703775045
INV-00000273,SUP-0108,ANC-059,89038.60205334975,2021-07-09,2021-08-08,2021-08-08,30,167.09114031569138,40.76044260057334,paid_on_time,0,0,0.3956084222294201,B,167.09114031569138
INV-00000274,SUP-0450,ANC-008,61724.76223433434,2021-02-01,2021-04-02,2021-04-02,60,136.29075088092037,135.9831061312215,paid_on_time,0,0,0.3131964666283091,BBB,136.29075088092037
INV-00000275,SUP-0290,ANC-070,83016.01571146879,2022-02-15,2022-04-16,2022-04-16,60,93.11014245071217,97.41455348902173,paid_on_time,0,0,0.4169420210144508,BBB,93.11014245071217
INV-00000276,SUP-0054,ANC-036,190572.98366965496,2020-05-16,2020-06-30,2020-06-30,45,131.12881854431834,232.7799305841907,paid_on_time,0,0,0.2717968015255831,BBB,131.12881854431834
INV-00000277,SUP-0476,ANC-023,5366.641019898256,2021-08-14,2021-10-13,2021-08-23,60,166.61132080521855,2.204736530825869,early_paid,9,0,0.15581135354595246,AA,166.61132080521855
INV-00000278,SUP-0070,ANC-041,272607.20050026017,2020-06-18,2020-07-18,2020-06-29,30,115.66532230965562,95.02553337198646,early_paid,11,0,0.1846075237124602,BBB,115.66532230965562
INV-00000279,SUP-0302,ANC-024,82633.74009765158,2020-08-25,2020-10-09,2020-10-03,45,134.76097301324376,118.98529467179121,early_paid,39,0,0.3513044580666628,AA,134.76097301324376
INV-00000280,SUP-0310,ANC-072,148202.45004740008,2021-03-28,2021-05-12,2021-04-06,45,156.89468955523625,57.33413603386581,early_paid,9,0,0.42740940456510634,AA,156.89468955523625
INV-00000281,SUP-0337,ANC-011,31174.543534254313,2022-02-24,2022-04-25,2022-04-25,60,113.98981857883426,12.65658830211481,paid_on_time,0,0,0.30890658110104235,A,113.98981857883426
INV-00000282,SUP-0135,ANC-021,131177.73891453937,2022-04-04,2022-07-03,2022-04-16,90,214.9393522968741,92.69673941279851,early_paid,12,0,0.2678819444284283,BB,214.9393522968741
INV-00000283,SUP-0532,ANC-013,936077.7043093315,2021-01-03,2021-04-03,2021-02-17,90,149.7154248683508,1727.8184121837783,early_paid,45,0,0.4739782053407321,BBB,149.7154248683508
INV-00000284,SUP-0388,ANC-039,403098.9982532979,2021-03-28,2021-05-27,2021-05-27,60,167.58123896300998,499.6984651794433,defaulted,0,0,0.2681011765763816,B,167.58123896300998
INV-00000285,SUP-0458,ANC-034,24560.298320944225,2020-09-03,2020-10-18,2020-09-21,45,178.3162128102216,21.59753119929872,early_paid,18,0,0.15383640873107607,BBB,178.3162128102216
INV-00000286,SUP-0030,ANC-018,86598.6975309132,2021-10-10,2021-11-24,2021-11-05,45,126.43125539816316,77.99132415387899,early_paid,26,0,0.518655434882806,B,126.43125539816316
INV-00000287,SUP-0035,ANC-058,186923.62501524063,2021-04-28,2021-05-28,2021-05-28,30,155.83792265859205,103.74993491409684,paid_on_time,0,0,0.46733867714161403,BB,155.83792265859205
INV-00000288,SUP-0320,ANC-004,408924.0814028517,2022-06-08,2022-07-08,2022-07-08,30,220.86780853957407,197.95762349261642,late,0,23,0.28007321908192123,A,220.86780853957407
INV-00000289,SUP-0023,ANC-067,65964.30205004138,2021-12-31,2022-03-31,2022-01-31,90,162.81603725203826,91.21683124833191,early_paid,31,0,0.10874323832791973,AAA,162.81603725203826
INV-00000290,SUP-0414,ANC-058,395847.67397500365,2021-11-13,2022-02-11,2022-01-28,90,225.6835026053529,1860.1528785275088,early_paid,76,0,0.4783244948390661,BBB,225.6835026053529
INV-00000291,SUP-0113,ANC-022,35580.311720073674,2022-06-06,2022-09-04,2022-09-04,90,213.5579591214668,110.333784673907,paid_on_time,0,0,0.4666396347064471,BB,213.5579591214668
INV-00000292,SUP-0370,ANC-059,85038.13930736417,2020-05-15,2020-08-13,2020-05-20,90,225.88273497727232,26.313215731679044,early_paid,5,0,0.5905975903551018,B,225.88273497727232
INV-00000293,SUP-0276,ANC-000,505847.79853056656,2020-10-03,2020-12-02,2020-12-02,60,203.57320774144026,846.3867861025744,paid_on_time,0,0,0.49998032940249193,B,203.57320774144026
INV-00000294,SUP-0494,ANC-058,69083.93311265261,2020-05-07,2020-06-06,2020-05-25,30,162.3429666069636,55.308282639707194,early_paid,18,0,0.22164922198205383,A,162.3429666069636
INV-00000295,SUP-0172,ANC-070,27450.963239875317,2021-04-10,2021-06-09,2021-05-10,60,198.67429922797578,44.82576069711083,early_paid,30,0,0.2654510663728404,AAA,198.67429922797578
INV-00000296,SUP-0338,ANC-038,155297.0633563482,2021-05-06,2021-07-05,2021-05-14,60,214.5966854217798,73.04380285371717,early_paid,8,0,0.2551408540648006,B,214.5966854217798
INV-00000297,SUP-0125,ANC-072,93023.72892215679,2022-06-15,2022-09-13,2022-08-30,90,174.98259773319955,338.92946960540417,early_paid,76,0,0.2742126634771192,BB,174.98259773319955
INV-00000298,SUP-0227,ANC-019,14089.432925815694,2020-01-21,2020-02-20,2020-02-08,30,139.1204692096141,9.666387219633856,early_paid,18,0,0.2492719223870204,BBB,139.1204692096141
INV-00000299,SUP-0485,ANC-002,249700.9246878231,2021-04-05,2021-07-04,2021-07-04,90,229.65107776992437,172.81779485527622,paid_on_time,0,0,0.4872143290266589,CCC,229.65107776992437
INV-00000300,SUP-0113,ANC-017,135487.90987552106,2020-10-13,2020-11-12,2020-10-21,30,124.24923192503904,36.89702736912308,early_paid,8,0,0.4123664274768558,BB,124.24923192503904
INV-00000301,SUP-0317,ANC-070,17129.9374799316,2020-01-24,2020-03-24,2020-03-24,60,151.367229966611,41.91281094916988,paid_on_time,0,0,0.24455292117131705,CCC,151.367229966611
INV-00000302,SUP-0221,ANC-069,311059.19110409595,2022-04-02,2022-06-01,2022-06-01,60,137.2153442217019,105.24351940439841,late,0,51,0.3560892272652358,BB,137.2153442217019
INV-00000303,SUP-0580,ANC-035,129806.35048197734,2021-09-03,2021-11-02,2021-11-02,60,122.6231534056399,109.02235635738195,paid_on_time,0,0,0.09853199410928909,AA,122.6231534056399
INV-00000304,SUP-0329,ANC-015,532436.4213833876,2021-03-26,2021-05-25,2021-05-25,60,209.0050799486584,1646.3626049906507,paid_on_time,0,0,0.5438529185738618,BB,209.0050799486584
INV-00000305,SUP-0482,ANC-006,144190.286367528,2021-10-26,2022-01-24,2021-12-24,90,162.79427094835944,379.43227404799353,early_paid,59,0,0.4744755682882054,BBB,162.79427094835944
INV-00000306,SUP-0417,ANC-031,66426.97136436477,2020-10-26,2020-11-25,2020-10-31,30,162.7121151301717,14.806127414228957,early_paid,5,0,0.2779922254305001,BBB,162.7121151301717
INV-00000307,SUP-0596,ANC-054,104645.83713986105,2022-01-26,2022-03-27,2022-02-23,60,178.22227903777963,143.0701776527962,early_paid,28,0,0.24875809816212502,A,178.22227903777963
INV-00000308,SUP-0422,ANC-003,96015.11407599752,2021-06-08,2021-08-07,2021-07-04,60,225.43418056859477,154.18419251013398,early_paid,26,0,0.4538735846119717,BBB,225.43418056859477
INV-00000309,SUP-0233,ANC-020,136198.54734871726,2022-02-06,2022-04-07,2022-04-07,60,247.90279536730907,259.0115115495854,paid_on_time,0,0,0.6568736102428914,B,247.90279536730907
INV-00000310,SUP-0580,ANC-032,122295.98690546704,2022-01-04,2022-03-05,2022-03-05,60,134.6209241025744,202.97587526199015,paid_on_time,0,0,0.31096754259140574,A,134.6209241025744
INV-00000311,SUP-0043,ANC-011,32027.82703874945,2021-04-27,2021-07-26,2021-07-26,90,208.46102216536073,98.77640886591418,paid_on_time,0,0,0.28338366961739997,AA,208.46102216536073
INV-00000312,SUP-0089,ANC-075,95695.36399332024,2020-06-28,2020-08-27,2020-07-07,60,186.13152179062882,43.91981193300372,early_paid,9,0,0.45307164823273544,B,186.13152179062882
INV-00000313,SUP-0474,ANC-055,309622.2283603586,2021-11-17,2022-01-01,2021-12-21,45,155.00677908634398,447.06315286492395,early_paid,34,0,0.3919438024644191,A,155.00677908634398
INV-00000314,SUP-0564,ANC-019,141324.6061023357,2020-04-17,2020-06-01,2020-06-01,45,189.47330567095284,322.7941295335928,paid_on_time,0,0,0.432579598296308,BBB,189.47330567095284
INV-00000315,SUP-0254,ANC-011,17419.84609320185,2020-08-01,2020-10-30,2020-10-16,90,178.09361095739592,64.59715349933991,early_paid,76,0,0.43429836056386,CCC,178.09361095739592
INV-00000316,SUP-0231,ANC-048,408993.8907999073,2021-02-19,2021-04-05,2021-03-29,45,85.00425743922634,361.9497083330942,early_paid,38,0,0.42750961531166976,BB,85.00425743922634
INV-00000317,SUP-0138,ANC-045,53132.99376485221,2020-01-07,2020-03-07,2020-01-17,60,156.02708545439026,22.712838790674468,early_paid,10,0,0.4328899912547277,BBB,156.02708545439026
INV-00000318,SUP-0304,ANC-030,7592.032757088575,2020-10-25,2021-01-23,2020-12-27,90,145.71735926672164,19.094885146370384,early_paid,63,0,0.34718743832257376,BBB,145.71735926672164
INV-00000319,SUP-0289,ANC-022,441690.7690338844,2020-05-01,2020-06-15,2020-06-15,45,89.91477343717679,97.9262270802101,paid_on_time,0,0,0.09171809905239492,AA,89.91477343717679
INV-00000320,SUP-0243,ANC-066,14482.582202571504,2020-01-25,2020-04-24,2020-04-24,90,180.39587661792638,45.809939500257585,paid_on_time,0,0,0.20514904547710583,BBB,180.39587661792638
INV-00000321,SUP-0546,ANC-041,37231.243431502255,2022-04-03,2022-06-02,2022-05-18,60,115.33766977926311,52.94175855255574,early_paid,45,0,0.3248102180866368,BBB,115.33766977926311
INV-00000322,SUP-0468,ANC-022,34892.71401862581,2020-03-14,2020-06-12,2020-03-21,90,191.97479120367527,12.846479566516907,early_paid,7,0,0.39938578767809607,AA,191.97479120367527
INV-00000323,SUP-0198,ANC-038,22555.17225168188,2022-01-30,2022-04-30,2022-03-14,90,143.32180758666797,38.0832510888239,early_paid,43,0,0.39330756259372185,AA,143.32180758666797
INV-00000324,SUP-0323,ANC-012,9602.62662809406,2020-09-03,2020-12-02,2020-11-18,90,192.3816542782051,38.46576956322726,early_paid,76,0,0.5706169161012776,A,192.3816542782051
INV-00000325,SUP-0365,ANC-071,91361.38703383147,2020-03-22,2020-06-20,2020-05-19,90,150.6453938959251,218.70246134854722,early_paid,58,0,0.5176365119826379,A,150.6453938959251
INV-00000326,SUP-0517,ANC-054,222299.29876074038,2021-12-22,2022-02-05,2022-02-05,45,125.06831020854007,281.83455158693715,paid_on_time,0,0,0.17551877155129358,BB,125.06831020854007
INV-00000327,SUP-0215,ANC-074,666079.298083378,2021-03-03,2021-04-02,2021-03-09,30,38.980202515027855,42.680393310177,early_paid,6,0,0.21126239823734105,B,38.980202515027855
INV-00000328,SUP-0394,ANC-014,175208.21333525362,2020-04-18,2020-05-18,2020-05-05,30,221.7892053645798,180.98847587741164,early_paid,17,0,0.38174414628955383,B,221.7892053645798
INV-00000329,SUP-0535,ANC-049,75696.64652018128,2022-01-29,2022-03-30,2022-03-27,60,197.41914879644736,233.37154761570014,early_paid,57,0,0.2943112316938372,CCC,197.41914879644736
INV-00000330,SUP-0198,ANC-049,141884.05983064038,2021-06-22,2021-09-20,2021-09-13,90,170.10121228556787,548.8153419832241,early_paid,83,0,0.18016712705789525,BB,170.10121228556787
INV-00000331,SUP-0426,ANC-010,474211.27403034957,2020-02-04,2020-03-20,2020-03-20,45,153.9159863213009,479.9256721121881,paid_on_time,0,0,0.29815485455365326,B,153.9159863213009
INV-00000332,SUP-0425,ANC-074,45411.34061865773,2022-01-15,2022-02-14,2022-01-29,30,120.9099228943265,21.060148958416068,early_paid,14,0,0.15696516025172985,BB,120.9099228943265
INV-00000333,SUP-0291,ANC-016,62106.122030723294,2022-01-26,2022-02-25,2022-02-25,30,196.06258497372696,20.016471498143577,paid_on_time,0,0,0.34048701736715936,A,196.06258497372696
INV-00000334,SUP-0264,ANC-046,1241106.798541795,2021-01-05,2021-04-05,2021-04-05,90,164.4511684221367,4697.129563061882,paid_on_time,0,0,0.26352955772437664,BBB,164.4511684221367
INV-00000335,SUP-0369,ANC-044,108033.99076864347,2021-11-06,2022-01-05,2021-12-20,60,122.80336234471368,159.9302032361413,early_paid,44,0,0.28935384527184566,A,122.80336234471368
INV-00000336,SUP-0283,ANC-018,219254.5612278868,2021-07-07,2021-08-21,2021-08-21,45,144.91195139049694,43.52411824493187,paid_on_time,0,0,0.25684996221932127,B,144.91195139049694
INV-00000337,SUP-0003,ANC-058,10110.591406784151,2021-01-30,2021-03-31,2021-02-09,60,182.88963328097702,5.066088642850826,early_paid,10,0,0.29851157150117663,BB,182.88963328097702
INV-00000338,SUP-0434,ANC-045,21475.409550574394,2021-07-01,2021-08-15,2021-07-18,45,112.79343866730058,11.281876693140784,early_paid,17,0,0.16778380551890668,AA,112.79343866730058
INV-00000339,SUP-0105,ANC-006,766851.6881985989,2021-09-11,2021-12-10,2021-09-17,90,183.27585799825022,231.03353607452854,early_paid,6,0,0.5762302613266289,BB,183.27585799825022
INV-00000340,SUP-0271,ANC-021,174324.36141524668,2021-03-09,2021-05-08,2021-04-17,60,204.10708164103403,380.1788027475924,early_paid,39,0,0.4730124620235885,BB,204.10708164103403
INV-00000341,SUP-0424,ANC-050,5063.594633754187,2021-11-18,2021-12-18,2021-12-17,30,117.05676622632967,4.7093458591615285,early_paid,29,0,0.20118379582925944,B,117.05676622632967
INV-00000342,SUP-0433,ANC-029,64392.243028112876,2021-10-04,2021-11-18,2021-10-30,45,187.3911543579365,85.95341248523462,early_paid,26,0,0.3724593522239549,AA,187.3911543579365
INV-00000343,SUP-0016,ANC-012,203191.5640090721,2021-08-06,2021-10-05,2021-10-05,60,228.27569403765574,419.3594369296805,paid_on_time,0,0,0.512508949423329,BB,228.27569403765574
INV-00000344,SUP-0145,ANC-062,20134.044976133835,2020-08-15,2020-10-14,2020-08-23,60,135.25150572302192,5.9685696423389505,early_paid,8,0,0.411343780918074,AAA,135.25150572302192
INV-00000345,SUP-0154,ANC-076,36692.12109565217,2020-06-16,2020-07-31,2020-07-22,45,161.79126109197415,58.551431120925955,early_paid,36,0,0.338909685664669,BBB,161.79126109197415
INV-00000346,SUP-0093,ANC-007,57242.3506027954,2020-04-20,2020-06-04,2020-05-03,45,132.2862794993826,26.97011196809851,early_paid,13,0,0.5341495080160643,BB,132.2862794993826
INV-00000347,SUP-0126,ANC-005,97128.67407223379,2021-04-16,2021-07-15,2021-07-15,90,151.25523458917533,297.8493995281409,paid_on_time,0,0,0.18121163648647381,BBB,151.25523458917533
INV-00000348,SUP-0494,ANC-041,61823.376453173936,2022-03-31,2022-05-30,2022-05-30,60,240.08911147506876,89.46537793498268,paid_on_time,0,0,0.47271874751848925,B,240.08911147506876
INV-00000349,SUP-0432,ANC-036,234779.46898308198,2020-03-02,2020-04-16,2020-03-10,45,181.28121701756007,93.28461998463474,early_paid,8,0,0.32146999302241097,CCC,181.28121701756007
INV-00000350,SUP-0357,ANC-037,702185.6047994837,2021-06-24,2021-09-22,2021-07-26,90,111.61898351770377,687.1429562606678,early_paid,32,0,0.10954526007599738,AA,111.61898351770377
INV-00000351,SUP-0040,ANC-011,121386.82606030989,2021-08-05,2021-10-04,2021-08-25,60,223.53057607045514,148.67762825548058,early_paid,20,0,0.547768960227309,B,223.53057607045514
INV-00000352,SUP-0227,ANC-020,78687.32948257308,2020-07-19,2020-10-17,2020-08-19,90,174.50648239115827,116.62326613136854,early_paid,31,0,0.46786419736109386,BB,174.50648239115827
INV-00000353,SUP-0370,ANC-077,46970.933161861765,2021-10-07,2021-11-06,2021-10-19,30,111.0961350030346,17.15601906334918,early_paid,12,0,0.4023865370046329,BBB,111.0961350030346
INV-00000354,SUP-0304,ANC-010,69458.77164386678,2020-10-27,2020-12-26,2020-12-24,60,119.73241859062887,132.15207392678164,early_paid,58,0,0.1902687984100306,A,119.73241859062887
INV-00000355,SUP-0332,ANC-050,150525.26644198684,2020-10-30,2021-01-28,2021-01-28,90,176.98478883301306,109.48225682986877,paid_on_time,0,0,0.3381165881594234,BBB,176.98478883301306
INV-00000356,SUP-0050,ANC-011,76557.54983451535,2020-07-27,2020-09-10,2020-09-10,45,180.96459178364253,53.13941932948634,paid_on_time,0,0,0.529405805075879,B,180.96459178364253
INV-00000357,SUP-0208,ANC-034,156774.53308491813,2020-08-28,2020-10-27,2020-09-14,60,111.06202652517733,81.09557670770987,early_paid,17,0,0.11919487581975392,BBB,111.06202652517733
INV-00000358,SUP-0046,ANC-076,180262.65796624034,2020-02-19,2020-05-19,2020-05-19,90,171.53378039984653,669.2519670367188,paid_on_time,0,0,0.13173983470488945,AAA,171.53378039984653
INV-00000359,SUP-0161,ANC-017,256832.80870996357,2021-06-10,2021-09-08,2021-08-23,90,136.2538679255016,709.4767962111839,early_paid,74,0,0.17855957261833394,BB,136.2538679255016
INV-00000360,SUP-0287,ANC-017,287301.83910257084,2020-03-02,2020-04-16,2020-04-07,45,135.43363656742514,383.7731460378453,early_paid,36,0,0.41399095113899737,BB,135.43363656742514
INV-00000361,SUP-0057,ANC-011,715735.079339751,2022-01-05,2022-03-06,2022-03-06,60,184.10281110811349,722.021041726777,paid_on_time,0,0,0.3015600791310816,A,184.10281110811349
INV-00000362,SUP-0144,ANC-071,19824.23452440037,2021-06-07,2021-09-05,2021-07-02,90,157.178429565879,21.34206883486938,early_paid,25,0,0.06382900674586359,BBB,157.178429565879
INV-00000363,SUP-0474,ANC-061,63349.317632350045,2021-06-06,2021-09-04,2021-09-04,90,194.59376883319098,121.58514218061285,paid_on_time,0,0,0.42828939455937903,BB,194.59376883319098
INV-00000364,SUP-0073,ANC-012,127250.44116177234,2020-06-21,2020-08-20,2020-07-02,60,178.97478515137774,68.63584220296127,early_paid,11,0,0.19619652689489037,BBB,178.97478515137774
INV-00000365,SUP-0400,ANC-010,42870.79349898365,2020-06-01,2020-07-16,2020-06-28,45,198.1305587538906,62.83243432733147,early_paid,27,0,0.21785188863945826,AA,198.1305587538906
INV-00000366,SUP-0339,ANC-002,31325.355183847405,2020-08-23,2020-10-07,2020-09-11,45,188.55503108361754,30.74644194178587,early_paid,19,0,0.22709269729829873,B,188.55503108361754
INV-00000367,SUP-0282,ANC-013,339072.72600116354,2020-12-05,2021-01-19,2021-01-07,45,135.86562629351144,416.5081734650623,early_paid,33,0,0.16725703465198805,BB,135.86562629351144
INV-00000368,SUP-0527,ANC-002,280027.57253872167,2020-10-17,2021-01-15,2020-12-08,90,158.53697830751418,632.4727972712365,early_paid,52,0,0.27421793703858555,BBB,158.53697830751418
INV-00000369,SUP-0059,ANC-055,135240.45527619205,2020-05-05,2020-06-19,2020-05-17,45,116.98740283226668,52.015659026679536,early_paid,12,0,0.2195312566570484,BB,116.98740283226668
INV-00000370,SUP-0064,ANC-050,103386.35617817134,2021-10-16,2021-12-15,2021-11-21,60,167.682082215545,170.98559483803146,early_paid,36,0,0.22256354265095696,BB,167.682082215545
INV-00000371,SUP-0238,ANC-068,305803.264729153,2020-02-19,2020-04-19,2020-03-01,60,112.79619671572661,103.95284856211251,early_paid,11,0,0.25975955245696963,AA,112.79619671572661
INV-00000372,SUP-0327,ANC-043,327080.38971567404,2022-04-28,2022-05-28,2022-05-28,30,134.21342404044236,300.6751989056363,paid_on_time,0,0,0.24494746026385722,BBB,134.21342404044236
INV-00000373,SUP-0026,ANC-024,40958.18276377232,2020-04-14,2020-05-14,2020-04-27,30,182.86076014356655,26.67544593032135,early_paid,13,0,0.24391405927106802,BB,182.86076014356655
INV-00000374,SUP-0340,ANC-070,100794.91018652695,2020-04-06,2020-06-05,2020-04-21,60,77.4991681729985,32.102143954224374,early_paid,15,0,0.645209390862522,AAA,77.4991681729985
INV-00000375,SUP-0316,ANC-048,139794.65001568638,2022-03-19,2022-05-18,2022-04-11,60,113.45720406408323,99.94420084373341,early_paid,23,0,0.18587882674315345,BB,113.45720406408323
INV-00000376,SUP-0273,ANC-028,63495.161264790106,2020-11-12,2021-02-10,2020-12-17,90,204.30777535102703,124.39436439033943,early_paid,35,0,0.4643260206574224,BBB,204.30777535102703
INV-00000377,SUP-0014,ANC-058,29344.77812128635,2021-04-01,2021-06-30,2021-06-30,90,138.3921247465026,42.27980147614822,paid_on_time,0,0,0.4172045103491447,B,138.3921247465026
INV-00000378,SUP-0543,ANC-007,14109.100223539011,2020-06-30,2020-08-14,2020-08-13,45,199.64948096615097,33.956843728020445,early_paid,44,0,0.31631831704471314,A,199.64948096615097
INV-00000379,SUP-0373,ANC-056,177722.51612823206,2020-10-03,2020-12-02,2020-11-09,60,128.5390939287232,231.57226689662087,early_paid,37,0,0.4290741079280734,AA,128.5390939287232
INV-00000380,SUP-0142,ANC-014,45121.56943408098,2020-09-09,2020-11-08,2020-11-08,60,149.6873557243274,14.80356912815171,paid_on_time,0,0,0.28290514102449205,A,149.6873557243274
INV-00000381,SUP-0339,ANC-042,105171.9102855439,2020-10-11,2021-01-09,2021-01-09,90,145.06893457824594,271.70315156832237,paid_on_time,0,0,0.2628356245232921,BB,145.06893457824594
INV-00000382,SUP-0030,ANC-037,116530.60692616767,2020-04-14,2020-06-13,2020-06-13,60,162.77386305777446,109.13174743304837,paid_on_time,0,0,0.6204941978535095,BB,162.77386305777446
INV-00000383,SUP-0471,ANC-008,166379.9342738675,2020-04-04,2020-06-03,2020-05-21,60,54.39808902436149,116.54391024530716,early_paid,47,0,0.37400944519770835,BBB,54.39808902436149
INV-00000384,SUP-0489,ANC-016,87576.9969108463,2020-05-28,2020-08-26,2020-06-04,90,167.3265801111074,28.103483760671374,early_paid,7,0,0.2307949441184376,BB,167.3265801111074
INV-00000385,SUP-0447,ANC-044,107515.90036879535,2021-03-19,2021-05-18,2021-03-30,60,182.20127113304218,59.03695091953106,early_paid,11,0,0.28788736013484173,BBB,182.20127113304218
INV-00000386,SUP-0327,ANC-047,27389.080847827354,2022-04-30,2022-06-29,2022-05-25,60,157.8509667822124,29.612280076066607,early_paid,25,0,0.2652068323999,AAA,157.8509667822124
INV-00000387,SUP-0540,ANC-017,38763.222343547604,2022-04-04,2022-05-19,2022-04-13,45,204.77271035277698,19.57228792100277,early_paid,9,0,0.3158358705077397,AA,204.77271035277698
INV-00000388,SUP-0261,ANC-008,178742.7888560599,2021-03-17,2021-05-01,2021-05-01,45,216.2750680030369,275.36926827049786,paid_on_time,0,0,0.5269480218236133,CCC,216.2750680030369
INV-00000389,SUP-0554,ANC-008,53241.270759214545,2021-01-10,2021-03-11,2021-02-28,60,179.46590961687744,128.2725099211189,early_paid,49,0,0.5423859202325186,AA,179.46590961687744
INV-00000390,SUP-0223,ANC-050,51965.57320681906,2021-06-09,2021-08-08,2021-07-11,60,189.9102609971062,86.5209474680218,early_paid,32,0,0.5265701460467547,CCC,189.9102609971062
INV-00000391,SUP-0570,ANC-073,679061.8126467596,2021-03-25,2021-06-23,2021-04-01,90,151.81485576323456,197.71005424356682,early_paid,7,0,0.2538579580193592,BBB,151.81485576323456
INV-00000392,SUP-0021,ANC-038,166280.48850230136,2022-01-29,2022-03-30,2022-03-30,60,190.03726507025692,138.51830912667901,paid_on_time,0,0,0.40068162095464926,CCC,190.03726507025692
INV-00000393,SUP-0453,ANC-032,110479.72089388139,2020-01-24,2020-02-23,2020-02-23,30,151.6439792251483,123.93062506872938,paid_on_time,0,0,0.2402489947421923,BBB,151.6439792251483
INV-00000394,SUP-0596,ANC-061,133761.2525107821,2021-02-18,2021-04-19,2021-04-19,60,77.52275876095416,88.07007687908205,paid_on_time,0,0,0.10442637852815409,AA,77.52275876095416
INV-00000395,SUP-0286,ANC-010,157781.95302557762,2020-03-28,2020-06-26,2020-06-13,90,188.74218697489079,628.2379555341669,early_paid,77,0,0.5624798308777669,BB,188.74218697489079
INV-00000396,SUP-0560,ANC-014,308699.0831100521,2022-01-06,2022-02-20,2022-02-07,45,113.15707304767659,306.24863296205984,early_paid,32,0,0.21847353214836365,BB,113.15707304767659
INV-00000397,SUP-0442,ANC-075,379994.0698422324,2020-02-26,2020-04-11,2020-04-11,45,104.27186739302203,488.49893335139194,early_paid,45,0,0.28391953772989603,A,104.27186739302203
INV-00000398,SUP-0522,ANC-038,552660.743535739,2020-09-28,2020-11-27,2020-11-27,60,174.9611867319719,423.8648966539698,paid_on_time,0,0,0.3078642827681782,B,174.9611867319719
INV-00000399,SUP-0103,ANC-010,64930.01129256025,2021-03-23,2021-05-22,2021-05-22,60,162.71514847025534,75.25822112842512,paid_on_time,0,0,0.24017044262967982,A,162.71514847025534
INV-00000400,SUP-0517,ANC-030,151085.2193265635,2022-03-13,2022-06-11,2022-04-13,90,165.8776183495482,212.85242379205314,early_paid,31,0,0.37772045072558563,AAA,165.8776183495482
INV-00000401,SUP-0206,ANC-078,171102.2885177217,2021-02-07,2021-04-08,2021-03-14,60,120.6771420171419,197.99581670736663,early_paid,35,0,0.17163449437819578,B,120.6771420171419
INV-00000402,SUP-0000,ANC-063,2149992.7938602413,2021-06-30,2021-09-28,2021-08-09,90,236.7033773911804,5577.101979982674,early_paid,40,0,0.18791596069738462,CCC,236.7033773911804
INV-00000403,SUP-0321,ANC-008,320450.1487468459,2020-01-02,2020-04-01,2020-04-01,90,172.39807205620514,75.67806552613752,paid_on_time,0,0,0.2810165529769677,CCC,172.39807205620514
INV-00000404,SUP-0593,ANC-032,257909.58616745347,2020-08-28,2020-10-27,2020-09-25,60,126.93900075746136,251.14684501596543,early_paid,28,0,0.10916750753412191,AA,126.93900075746136
INV-00000405,SUP-0239,ANC-009,62245.804038001705,2022-03-27,2022-06-25,2022-06-25,90,143.08242997102212,146.40461748916184,late,0,51,0.29821919265182906,BBB,143.08242997102212
INV-00000406,SUP-0329,ANC-048,29537.861751222335,2020-08-05,2020-09-19,2020-09-19,45,170.5891477480111,52.45914223909713,paid_on_time,0,0,0.3236052294446618,CCC,170.5891477480111
INV-00000407,SUP-0039,ANC-073,293798.62558326713,2021-07-14,2021-09-12,2021-09-08,60,185.04698749505883,834.1169406259862,early_paid,56,0,0.46345538412133064,CCC,185.04698749505883
INV-00000408,SUP-0079,ANC-034,482320.7922544762,2021-05-07,2021-07-06,2021-07-06,60,261.7832751274255,691.8548857996241,paid_on_time,0,0,0.6509837970646926,BB,261.7832751274255
INV-00000409,SUP-0260,ANC-009,176837.1850586734,2020-11-07,2020-12-22,2020-12-22,45,214.8737470026797,114.51352169660215,paid_on_time,0,0,0.1962144252886886,BBB,214.8737470026797
INV-00000410,SUP-0287,ANC-005,25403.367536574526,2020-02-01,2020-04-01,2020-04-01,60,154.74602779289938,33.38717172172274,paid_on_time,0,0,0.20387324930703238,BBB,154.74602779289938
INV-00000411,SUP-0247,ANC-067,179375.603402137,2021-01-29,2021-03-15,2021-03-15,45,170.90145395721535,193.1719678890945,late,0,47,0.4550811446508428,BBB,170.90145395721535
INV-00000412,SUP-0195,ANC-043,237048.99085108915,2021-05-18,2021-07-02,2021-06-10,45,171.91905123689682,256.8012232567153,early_paid,23,0,0.28350649632202596,BBB,171.91905123689682
INV-00000413,SUP-0343,ANC-019,26277.694656303134,2022-06-18,2022-08-02,2022-07-05,45,243.46609418993148,29.797635780509015,early_paid,17,0,0.43048171147282394,B,243.46609418993148
INV-00000414,SUP-0185,ANC-071,359954.20655009284,2021-10-20,2021-12-04,2021-10-27,45,43.6023848990008,30.099735073994818,early_paid,7,0,0.162583135358802,BB,43.6023848990008
INV-00000415,SUP-0160,ANC-076,121389.57647191997,2021-03-05,2021-05-04,2021-03-13,60,117.60671036360846,31.290364408316034,early_paid,8,0,0.18874910286415583,AA,117.60671036360846
INV-00000416,SUP-0181,ANC-047,580114.2340777129,2020-11-25,2020-12-25,2020-12-20,30,110.67813859444813,439.7668739716796,early_paid,25,0,0.24508919904394355,BBB,110.67813859444813
INV-00000417,SUP-0577,ANC-007,13597.908576507489,2021-12-07,2022-01-21,2022-01-21,45,102.96654736103187,1.9179858869232054,paid_on_time,0,0,0.3849200221881444,BB,102.96654736103187
INV-00000418,SUP-0062,ANC-067,45561.8123284094,2022-05-02,2022-07-01,2022-05-14,60,179.6681098693395,26.91289217512401,early_paid,12,0,0.5675672670193241,BBB,179.6681098693395
INV-00000419,SUP-0180,ANC-064,155896.40528675992,2021-01-08,2021-04-08,2021-04-08,90,199.70545305174048,127.94532430245263,paid_on_time,0,0,0.33167997453640324,BB,199.70545305174048
INV-00000420,SUP-0146,ANC-003,1417255.6309856195,2021-01-05,2021-02-19,2021-02-19,45,143.4873483413306,1281.4355631437686,late,0,42,0.17098115971250846,AA,143.4873483413306
INV-00000421,SUP-0023,ANC-078,434081.09915207746,2021-04-11,2021-07-10,2021-05-17,90,127.68905825164623,546.6812721097142,early_paid,36,0,0.24806742351052968,BB,127.68905825164623
INV-00000422,SUP-0056,ANC-054,25602.408486297903,2020-11-23,2020-12-23,2020-12-23,30,214.67630741019036,39.151231063230036,paid_on_time,0,0,0.29756173238270217,B,214.67630741019036
INV-00000423,SUP-0368,ANC-014,27769.735278382173,2021-09-29,2021-11-13,2021-10-31,45,93.10429780605418,22.667236851320833,early_paid,32,0,0.47984248851005495,A,93.10429780605418
INV-00000424,SUP-0085,ANC-045,176476.02216773696,2021-06-15,2021-09-13,2021-07-17,90,146.43688072918243,226.56524457852012,early_paid,32,0,0.36009665746513825,BBB,146.43688072918243
INV-00000425,SUP-0003,ANC-045,50213.90543340141,2020-09-06,2020-12-05,2020-12-05,90,96.33465023797025,56.98782951545131,paid_on_time,0,0,0.15119764967376534,A,96.33465023797025
INV-00000426,SUP-0192,ANC-008,13668.183620044514,2020-09-04,2020-10-04,2020-09-10,30,99.20460847497206,2.228953651381713,early_paid,6,0,0.20083089853313052,AA,99.20460847497206
INV-00000427,SUP-0465,ANC-057,81996.91976637975,2022-02-14,2022-05-15,2022-02-28,90,232.35975826343747,73.07917325306155,early_paid,14,0,0.2473317961612565,B,232.35975826343747
INV-00000428,SUP-0070,ANC-012,183644.33250233158,2020-07-29,2020-09-27,2020-09-15,60,165.65674770713198,400.06912250542547,early_paid,48,0,0.34712041519092574,BBB,165.65674770713198
INV-00000429,SUP-0464,ANC-005,63003.75889027293,2020-09-12,2020-11-11,2020-10-27,60,162.3517796189404,126.10815261187128,early_paid,45,0,0.2099396198927539,B,162.3517796189404
INV-00000430,SUP-0557,ANC-056,100659.69508287247,2022-02-14,2022-03-31,2022-03-31,45,217.3030901868297,191.76909850978382,paid_on_time,0,0,0.06862534916065775,AAA,217.3030901868297
INV-00000431,SUP-0145,ANC-053,93873.08592143153,2021-11-14,2022-01-13,2022-01-12,60,177.67457275683842,269.60349743367766,early_paid,59,0,0.2733511997341281,BBB,177.67457275683842
INV-00000432,SUP-0338,ANC-032,101487.98983471404,2020-04-27,2020-07-26,2020-05-26,90,174.85903968651192,140.9963509107301,early_paid,29,0,0.2764996994691926,BB,174.85903968651192
INV-00000433,SUP-0229,ANC-063,80722.52547724385,2021-11-25,2022-02-23,2022-02-23,90,109.58188148697447,164.79709122520813,paid_on_time,0,0,0.30297874774333106,A,109.58188148697447
INV-00000434,SUP-0457,ANC-045,24767.587594863675,2020-04-21,2020-07-20,2020-07-20,90,132.23913528859,33.20110727917252,paid_on_time,0,0,0.1742550667819323,A,132.23913528859
INV-00000435,SUP-0316,ANC-021,170234.69075066646,2020-02-03,2020-03-04,2020-03-01,30,183.04132878764923,230.49851178641813,early_paid,27,0,0.23565289642122847,A,183.04132878764923
INV-00000436,SUP-0005,ANC-078,32457.56589296992,2021-08-09,2021-10-08,2021-09-21,60,210.98847940947957,80.67710036791796,early_paid,43,0,0.355129789898634,A,210.98847940947957
INV-00000437,SUP-0290,ANC-018,64836.4600554526,2021-02-07,2021-03-09,2021-02-22,30,213.22575122391416,56.81425850146514,early_paid,15,0,0.27708736787535376,B,213.22575122391416
INV-00000438,SUP-0537,ANC-036,86166.00585484394,2020-01-08,2020-04-07,2020-03-28,90,239.3231151090927,451.9784534288125,early_paid,80,0,0.345862459696405,CCC,239.3231151090927
INV-00000439,SUP-0299,ANC-075,24470.65369164533,2022-02-26,2022-04-27,2022-04-18,60,188.8586141115229,64.57429612957948,early_paid,51,0,0.43501385153140204,CCC,188.8586141115229
INV-00000440,SUP-0345,ANC-004,126593.10310094562,2021-05-24,2021-07-23,2021-07-23,60,142.69024964232602,287.03805098610894,paid_on_time,0,0,0.5129875356387231,A,142.69024964232602
INV-00000441,SUP-0226,ANC-055,37830.22002930201,2022-03-23,2022-05-22,2022-05-11,60,166.55851597172386,84.58803288801425,early_paid,49,0,0.4268744506242165,BBB,166.55851597172386
INV-00000442,SUP-0456,ANC-076,42970.236917549424,2020-04-06,2020-06-05,2020-04-18,60,147.76484006483722,20.87503622685979,early_paid,12,0,0.27837844622649355,BBB,147.76484006483722
INV-00000443,SUP-0070,ANC-040,61900.45354824358,2020-07-26,2020-09-24,2020-09-24,60,106.40466511129054,39.699434153652824,paid_on_time,0,0,0.15999637807951952,A,106.40466511129054
INV-00000444,SUP-0128,ANC-015,1557342.4905697657,2022-04-29,2022-05-29,2022-05-22,30,176.42554351656563,1731.3328473492868,early_paid,23,0,0.2291535735133688,A,176.42554351656563
INV-00000445,SUP-0080,ANC-059,137770.651405203,2021-06-17,2021-07-17,2021-07-04,30,128.88652339027442,82.70281228550978,early_paid,17,0,0.36887124288588297,BBB,128.88652339027442
INV-00000446,SUP-0334,ANC-074,681436.2902454638,2020-05-26,2020-06-25,2020-06-07,30,225.81073935140208,505.8924904806733,early_paid,12,0,0.3434206698807489,BB,225.81073935140208
INV-00000447,SUP-0263,ANC-040,37094.32527076953,2020-05-19,2020-07-18,2020-06-26,60,186.58500946435544,72.05679759051388,early_paid,38,0,0.21933186763096663,BBB,186.58500946435544
INV-00000448,SUP-0461,ANC-012,220194.67031159162,2021-03-02,2021-05-01,2021-04-25,60,143.6805272217431,468.0644003771284,early_paid,54,0,0.27347494577814824,BBB,143.6805272217431
INV-00000449,SUP-0390,ANC-075,45831.453042818845,2021-12-08,2022-02-06,2022-01-24,60,94.64826355001262,55.85747122860467,early_paid,47,0,0.2452613157009629,BB,94.64826355001262
INV-00000450,SUP-0264,ANC-026,114213.97244518306,2021-02-12,2021-05-13,2021-05-13,90,271.82906086968853,671.9691705670347,late,0,49,0.22420628294162442,B,271.82906086968853
INV-00000451,SUP-0358,ANC-077,27663.086958212512,2020-04-08,2020-07-07,2020-07-07,90,173.83823369702554,115.9406551882778,paid_on_time,0,0,0.33446920382805834,B,173.83823369702554
INV-00000452,SUP-0251,ANC-032,140471.32825408826,2020-09-04,2020-11-03,2020-11-03,60,181.11310047291565,285.77783816260563,paid_on_time,0,0,0.6256527145633899,BBB,181.11310047291565
INV-00000453,SUP-0101,ANC-032,190186.3582652113,2022-03-08,2022-05-07,2022-05-07,60,95.78919165388344,189.66474132306237,late,0,20,0.20061832518629283,BB,95.78919165388344
INV-00000454,SUP-0244,ANC-055,169763.17844314387,2021-11-23,2022-01-22,2022-01-18,60,123.69870666358224,322.18388884955783,early_paid,56,0,0.16157147761321633,A,123.69870666358224
INV-00000455,SUP-0571,ANC-015,119065.88224602042,2021-11-16,2021-12-16,2021-11-23,30,150.71761731460225,34.415693843580385,early_paid,7,0,0.47014651454468953,A,150.71761731460225
INV-00000456,SUP-0013,ANC-076,55810.25358621337,2020-11-20,2021-01-04,2021-01-04,45,169.6425707951895,75.22357587885035,paid_on_time,0,0,0.21236554417893638,AA,169.6425707951895
INV-00000457,SUP-0060,ANC-015,8012.910505128514,2021-02-24,2021-05-25,2021-05-25,90,99.76262576297337,14.01668369526065,paid_on_time,0,0,0.26163004910464505,CCC,99.76262576297337
INV-00000458,SUP-0052,ANC-055,11579.006281432828,2020-09-22,2020-11-06,2020-11-06,45,125.0346663004993,15.866051358798236,paid_on_time,0,0,0.4085696211263183,A,125.0346663004993
INV-00000459,SUP-0436,ANC-024,36693.52061294712,2021-05-19,2021-07-18,2021-06-02,60,190.03900616946095,26.746521277261206,early_paid,14,0,0.3006910026454317,B,190.03900616946095
INV-00000460,SUP-0498,ANC-047,136680.286876649,2020-08-05,2020-10-04,2020-10-04,60,116.32555491347898,117.61207557529089,late,0,46,0.43040768408817853,BB,116.32555491347898
INV-00000461,SUP-0378,ANC-058,29739.842871996203,2021-04-03,2021-05-18,2021-05-17,45,222.46308306187188,79.75472710781261,early_paid,44,0,0.5109503565446744,B,222.46308306187188
INV-00000462,SUP-0045,ANC-028,18434.001649697308,2021-05-06,2021-06-20,2021-05-13,45,162.85387491511977,5.757353477236828,early_paid,7,0,0.17946797398351477,B,162.85387491511977
INV-00000463,SUP-0543,ANC-000,320422.0058390851,2020-06-25,2020-08-09,2020-08-08,45,143.26156713714403,553.3652007880318,early_paid,44,0,0.4772920087138082,AA,143.26156713714403
INV-00000464,SUP-0415,ANC-072,30881.45330147369,2020-12-09,2021-02-07,2021-01-29,60,166.20612276613912,71.7169911095063,early_paid,51,0,0.6265528832121428,BB,166.20612276613912
INV-00000465,SUP-0595,ANC-017,52305.37853258868,2021-01-14,2021-02-28,2021-02-28,45,184.76433374514252,105.90869496834222,paid_on_time,0,0,0.350954662485712,CCC,184.76433374514252
INV-00000466,SUP-0324,ANC-077,140329.32422384556,2022-01-31,2022-04-01,2022-03-16,60,144.00501810165338,243.60481712386226,early_paid,44,0,0.19985932283324065,BBB,144.00501810165338
INV-00000467,SUP-0000,ANC-057,34775.26972808314,2021-04-29,2021-06-13,2021-06-13,45,232.01838520956017,17.68438778638192,defaulted,0,0,0.16765889483395013,BBB,232.01838520956017
INV-00000468,SUP-0270,ANC-075,56449.64766220438,2020-09-04,2020-10-04,2020-09-21,30,183.92440258646226,48.35669898144736,early_paid,17,0,0.29714083747393294,AAA,183.92440258646226
INV-00000469,SUP-0235,ANC-074,100673.32339883222,2020-04-02,2020-06-01,2020-06-01,60,204.06038550656658,337.70033725467863,early_paid,60,0,0.5642389681552877,AA,204.06038550656658
INV-00000470,SUP-0560,ANC-004,130268.99851505295,2020-08-19,2020-10-03,2020-10-01,45,126.64100855852082,194.35290035664508,early_paid,43,0,0.4514582552060902,B,126.64100855852082
INV-00000471,SUP-0028,ANC-079,395191.2113694578,2020-02-03,2020-04-03,2020-02-28,60,198.5973074577622,537.5610308831897,early_paid,25,0,0.3688367758612179,A,198.5973074577622
INV-00000472,SUP-0360,ANC-030,15279.323147242136,2021-09-19,2021-11-18,2021-11-03,60,133.27659590228558,25.106007658628567,early_paid,45,0,0.1406994018151829,AA,133.27659590228558
INV-00000473,SUP-0468,ANC-005,6774.531217476182,2020-06-24,2020-07-24,2020-07-24,30,146.89189387040105,6.270642623080081,paid_on_time,0,0,0.27461414648133475,BB,146.89189387040105
INV-00000474,SUP-0013,ANC-050,116218.33011553461,2021-03-28,2021-06-26,2021-06-15,90,179.94380823708244,452.63253252809665,early_paid,79,0,0.3297597619197643,BB,179.94380823708244
INV-00000475,SUP-0319,ANC-051,388239.11242846085,2022-03-15,2022-05-14,2022-04-12,60,225.22835129004568,670.7914371397375,early_paid,28,0,0.12268087377082068,BBB,225.22835129004568
INV-00000476,SUP-0506,ANC-051,72334.10440938987,2021-01-04,2021-02-03,2021-02-03,30,164.66278209480575,48.948225502957364,paid_on_time,0,0,0.4451163920822517,BBB,164.66278209480575
INV-00000477,SUP-0268,ANC-075,74200.7176885665,2020-08-20,2020-10-19,2020-09-22,60,81.94068126608785,54.97038159137403,early_paid,33,0,0.3280232844653639,A,81.94068126608785
INV-00000478,SUP-0467,ANC-051,50502.08803448482,2020-09-06,2020-10-21,2020-10-21,45,190.70291960023584,42.217624697356236,late,0,20,0.19863325909511523,A,190.70291960023584
INV-00000479,SUP-0172,ANC-015,230333.1615816233,2021-08-04,2021-09-03,2021-08-14,30,149.70156103196035,94.46913382519388,early_paid,10,0,0.2901438148644219,BB,149.70156103196035
INV-00000480,SUP-0472,ANC-017,58085.352509655626,2021-11-14,2022-02-12,2022-01-01,90,128.9173515357927,98.47508789349321,early_paid,48,0,0.37013258842720864,BB,128.9173515357927
INV-00000481,SUP-0323,ANC-051,57856.3466677912,2022-02-18,2022-04-19,2022-04-19,60,118.11449462792558,102.97315701989926,paid_on_time,0,0,0.4360218326008652,B,118.11449462792558
INV-00000482,SUP-0196,ANC-051,91348.8993100186,2021-05-21,2021-07-20,2021-07-20,60,119.88313492071734,96.01045410053247,late,0,32,0.23242782126375533,A,119.88313492071734
INV-00000483,SUP-0008,ANC-070,24937.462822611993,2020-07-08,2020-09-06,2020-09-06,60,181.05868798848303,53.192110936498395,paid_on_time,0,0,0.30380658651306575,B,181.05868798848303
INV-00000484,SUP-0186,ANC-030,125586.12851118627,2021-01-19,2021-03-05,2021-03-05,45,120.77927916917062,137.13716944726596,late,0,55,0.4273826439484015,BBB,120.77927916917062
INV-00000485,SUP-0346,ANC-013,8271.877955858703,2021-10-22,2022-01-20,2021-12-15,90,135.35054900225919,16.563992882377725,early_paid,54,0,0.4060731421566926,B,135.35054900225919
INV-00000486,SUP-0279,ANC-056,203645.5711774132,2020-09-04,2020-11-03,2020-11-03,60,126.16013234653386,316.7500957585635,paid_on_time,0,0,0.16460656234886495,BBB,126.16013234653386
INV-00000487,SUP-0062,ANC-006,148911.1395599868,2021-06-13,2021-07-28,2021-07-28,45,187.3642534557514,91.7280805311851,defaulted,0,0,0.2603970527378937,CCC,187.3642534557514
INV-00000488,SUP-0378,ANC-052,176972.39685537905,2021-07-24,2021-09-22,2021-07-31,60,161.19562101788068,54.7096514791451,early_paid,7,0,0.5054996134389512,AA,161.19562101788068
INV-00000489,SUP-0443,ANC-012,33988.1825254131,2022-03-28,2022-05-27,2022-05-27,60,173.37067046831825,43.588755560444405,paid_on_time,0,0,0.256593705453892,BB,173.37067046831825
INV-00000490,SUP-0114,ANC-047,278748.32342446595,2020-12-30,2021-02-13,2021-02-13,45,209.31143365545483,239.77484056861385,paid_on_time,0,0,0.18612256513063002,CCC,209.31143365545483
INV-00000491,SUP-0556,ANC-014,98166.04245113238,2020-12-18,2021-03-18,2021-01-26,90,177.47749408259435,186.15568918111495,early_paid,39,0,0.3381715779780711,BB,177.47749408259435
INV-00000492,SUP-0544,ANC-026,280983.4154398762,2021-12-29,2022-02-27,2022-02-20,60,155.855522632636,635.8956998404669,early_paid,53,0,0.10107175397386445,BB,155.855522632636
INV-00000493,SUP-0046,ANC-070,106311.92470926636,2020-02-15,2020-04-15,2020-02-24,60,129.71176788644718,34.002512140561166,early_paid,9,0,0.3518143588495435,AAA,129.71176788644718
INV-00000494,SUP-0183,ANC-034,150596.61945771778,2022-02-26,2022-04-27,2022-03-23,60,186.53373455533213,192.40650574559106,early_paid,25,0,0.10590455417883946,B,186.53373455533213
INV-00000495,SUP-0104,ANC-010,58854.88627031578,2022-03-24,2022-05-23,2022-05-23,60,147.3162992077179,90.2659707819435,paid_on_time,0,0,0.1126973416421866,A,147.3162992077179
INV-00000496,SUP-0268,ANC-034,18404.465263654867,2020-07-08,2020-10-06,2020-10-06,90,138.89354296132888,50.424882150136085,paid_on_time,0,0,0.2167068917860945,A,138.89354296132888
INV-00000497,SUP-0283,ANC-012,53917.9043463912,2022-04-09,2022-07-08,2022-06-02,90,118.27247168526446,94.34471397737451,early_paid,54,0,0.38589890624942097,A,118.27247168526446
INV-00000498,SUP-0374,ANC-055,131311.0581140771,2021-03-04,2021-04-03,2021-04-03,30,109.86411894415374,19.762155763462538,paid_on_time,0,0,0.5792196406148293,B,109.86411894415374
INV-00000499,SUP-0136,ANC-030,67274.19202130451,2020-08-25,2020-11-23,2020-10-17,90,114.36997094034142,111.72323602331834,early_paid,53,0,0.24948866436101189,A,114.36997094034142
